ID_PROJECT,a
ID_BATCH,a
ID_WAFER,a
WAFER_ROTATION,a
TILE_WIDTH,10.5
TILE_HEIGHT,10.5
TEST_STRUCTURE,a
LINES_DATA,2808
tile_id,die_id,xc_ref[um],yc_ref[um],xc_chip[um],yc_chip[um],width[um],height[um],Array detail
EC,42A,-10.3225,20.85,-10.3225,20.85,0.25,1.05,D01
EC,41A,-10.0725,20.85,-10.0725,20.85,0.25,1.05,D01
EC,40A,-9.8225,20.85,-9.8225,20.85,0.25,1.05,D01
EC,39A,-9.5725,20.85,-9.5725,20.85,0.25,1.05,D01
EC,38A,-9.3225,20.85,-9.3225,20.85,0.25,1.05,D01
EC,37A,-9.0725,20.85,-9.0725,20.85,0.25,1.05,D01
EC,36A,-8.8225,20.85,-8.8225,20.85,0.25,1.05,D01
EC,35A,-8.5725,20.85,-8.5725,20.85,0.25,1.05,D01
EC,34A,-8.3225,20.85,-8.3225,20.85,0.25,1.05,D01
EC,33A,-8.0725,20.85,-8.0725,20.85,0.25,1.05,D01
EC,32A,-7.8225,20.85,-7.8225,20.85,0.25,1.05,D01
EC,31A,-7.5725,20.85,-7.5725,20.85,0.25,1.05,D01
EC,30A,-7.3225,20.85,-7.3225,20.85,0.25,1.05,D01
EC,29A,-7.0725,20.85,-7.0725,20.85,0.25,1.05,D01
EC,28A,-6.8225,20.85,-6.8225,20.85,0.25,1.05,D01
EC,27A,-6.5725,20.85,-6.5725,20.85,0.25,1.05,D01
EC,26A,-6.3225,20.85,-6.3225,20.85,0.25,1.05,D01
EC,25A,-6.0725,20.85,-6.0725,20.85,0.25,1.05,D01
EC,24A,-5.8225,20.85,-5.8225,20.85,0.25,1.05,D01
EC,23A,-5.5725,20.85,-5.5725,20.85,0.25,1.05,D01
EC,22A,-5.3225,20.85,-5.3225,20.85,0.25,1.05,D01
EC,21A,-5.0725,20.85,-5.0725,20.85,0.25,1.05,D01
EC,20A,-4.8225,20.85,-4.8225,20.85,0.25,1.05,D01
EC,19A,-4.5725,20.85,-4.5725,20.85,0.25,1.05,D01
EC,18A,-4.3225,20.85,-4.3225,20.85,0.25,1.05,D01
EC,17A,-4.0725,20.85,-4.0725,20.85,0.25,1.05,D01
EC,16A,-3.8225,20.85,-3.8225,20.85,0.25,1.05,D01
EC,15A,-3.5725,20.85,-3.5725,20.85,0.25,1.05,D01
EC,14A,-3.3225,20.85,-3.3225,20.85,0.25,1.05,D01
EC,13A,-3.0725,20.85,-3.0725,20.85,0.25,1.05,D01
EC,12A,-2.8225,20.85,-2.8225,20.85,0.25,1.05,D01
EC,11A,-2.5725,20.85,-2.5725,20.85,0.25,1.05,D01
EC,10A,-2.3225,20.85,-2.3225,20.85,0.25,1.05,D01
EC,09A,-2.0725,20.85,-2.0725,20.85,0.25,1.05,D01
EC,08A,-1.8225,20.85,-1.8225,20.85,0.25,1.05,D01
EC,07A,-1.5725,20.85,-1.5725,20.85,0.25,1.05,D01
EC,06A,-1.3225,20.85,-1.3225,20.85,0.25,1.05,D01
EC,05A,-1.0725,20.85,-1.0725,20.85,0.25,1.05,D01
EC,04A,-0.8225,20.85,-0.8225,20.85,0.25,1.05,D01
DC,42A,0.1775,20.85,0.1775,20.85,0.25,1.05,D01
DC,41A,0.4275,20.85,0.4275,20.85,0.25,1.05,D01
DC,40A,0.6775,20.85,0.6775,20.85,0.25,1.05,D01
DC,39A,0.9275,20.85,0.9275,20.85,0.25,1.05,D01
DC,38A,1.1775,20.85,1.1775,20.85,0.25,1.05,D01
DC,37A,1.4275,20.85,1.4275,20.85,0.25,1.05,D01
DC,36A,1.6775,20.85,1.6775,20.85,0.25,1.05,D01
DC,35A,1.9275,20.85,1.9275,20.85,0.25,1.05,D01
DC,34A,2.1775,20.85,2.1775,20.85,0.25,1.05,D01
DC,33A,2.4275,20.85,2.4275,20.85,0.25,1.05,D01
DC,32A,2.6775,20.85,2.6775,20.85,0.25,1.05,D01
DC,31A,2.9275,20.85,2.9275,20.85,0.25,1.05,D01
DC,30A,3.1775,20.85,3.1775,20.85,0.25,1.05,D01
DC,29A,3.4275,20.85,3.4275,20.85,0.25,1.05,D01
DC,28A,3.6775,20.85,3.6775,20.85,0.25,1.05,D01
DC,27A,3.9275,20.85,3.9275,20.85,0.25,1.05,D01
DC,26A,4.1775,20.85,4.1775,20.85,0.25,1.05,D01
DC,25A,4.4275,20.85,4.4275,20.85,0.25,1.05,D01
DC,24A,4.6775,20.85,4.6775,20.85,0.25,1.05,D01
DC,23A,4.9275,20.85,4.9275,20.85,0.25,1.05,D01
DC,22A,5.1775,20.85,5.1775,20.85,0.25,1.05,D01
DC,21A,5.4275,20.85,5.4275,20.85,0.25,1.05,D01
DC,20A,5.6775,20.85,5.6775,20.85,0.25,1.05,D01
DC,19A,5.9275,20.85,5.9275,20.85,0.25,1.05,D01
DC,18A,6.1775,20.85,6.1775,20.85,0.25,1.05,D01
DC,17A,6.4275,20.85,6.4275,20.85,0.25,1.05,D01
DC,16A,6.6775,20.85,6.6775,20.85,0.25,1.05,D01
DC,15A,6.9275,20.85,6.9275,20.85,0.25,1.05,D01
DC,14A,7.1775,20.85,7.1775,20.85,0.25,1.05,D01
DC,13A,7.4275,20.85,7.4275,20.85,0.25,1.05,D01
DC,12A,7.6775,20.85,7.6775,20.85,0.25,1.05,D01
DC,11A,7.9275,20.85,7.9275,20.85,0.25,1.05,D01
DC,10A,8.1775,20.85,8.1775,20.85,0.25,1.05,D01
DC,09A,8.4275,20.85,8.4275,20.85,0.25,1.05,D01
DC,08A,8.6775,20.85,8.6775,20.85,0.25,1.05,D01
DC,07A,8.9275,20.85,8.9275,20.85,0.25,1.05,D01
DC,06A,9.1775,20.85,9.1775,20.85,0.25,1.05,D01
DC,05A,9.4275,20.85,9.4275,20.85,0.25,1.05,D01
DC,04A,9.6775,20.85,9.6775,20.85,0.25,1.05,D01
CC,42A,10.6775,20.85,10.6775,20.85,0.25,1.05,D01
CC,41A,10.9275,20.85,10.9275,20.85,0.25,1.05,D01
CC,40A,11.1775,20.85,11.1775,20.85,0.25,1.05,D01
CC,39A,11.4275,20.85,11.4275,20.85,0.25,1.05,D01
CC,38A,11.6775,20.85,11.6775,20.85,0.25,1.05,D01
CC,37A,11.9275,20.85,11.9275,20.85,0.25,1.05,D01
CC,36A,12.1775,20.85,12.1775,20.85,0.25,1.05,D01
CC,35A,12.4275,20.85,12.4275,20.85,0.25,1.05,D01
CC,34A,12.6775,20.85,12.6775,20.85,0.25,1.05,D01
CC,33A,12.9275,20.85,12.9275,20.85,0.25,1.05,D01
CC,32A,13.1775,20.85,13.1775,20.85,0.25,1.05,D01
CC,31A,13.4275,20.85,13.4275,20.85,0.25,1.05,D01
CC,30A,13.6775,20.85,13.6775,20.85,0.25,1.05,D01
CC,29A,13.9275,20.85,13.9275,20.85,0.25,1.05,D01
CC,28A,14.1775,20.85,14.1775,20.85,0.25,1.05,D01
CC,27A,14.4275,20.85,14.4275,20.85,0.25,1.05,D01
CC,26A,14.6775,20.85,14.6775,20.85,0.25,1.05,D01
CC,25A,14.9275,20.85,14.9275,20.85,0.25,1.05,D01
CC,24A,15.1775,20.85,15.1775,20.85,0.25,1.05,D01
CC,23A,15.4275,20.85,15.4275,20.85,0.25,1.05,D01
CC,22A,15.6775,20.85,15.6775,20.85,0.25,1.05,D01
CC,21A,15.9275,20.85,15.9275,20.85,0.25,1.05,D01
CC,20A,16.1775,20.85,16.1775,20.85,0.25,1.05,D01
CC,19A,16.4275,20.85,16.4275,20.85,0.25,1.05,D01
CC,18A,16.6775,20.85,16.6775,20.85,0.25,1.05,D01
CC,17A,16.9275,20.85,16.9275,20.85,0.25,1.05,D01
CC,16A,17.1775,20.85,17.1775,20.85,0.25,1.05,D01
CC,15A,17.4275,20.85,17.4275,20.85,0.25,1.05,D01
CC,14A,17.6775,20.85,17.6775,20.85,0.25,1.05,D01
CC,13A,17.9275,20.85,17.9275,20.85,0.25,1.05,D01
CC,12A,18.1775,20.85,18.1775,20.85,0.25,1.05,D01
CC,11A,18.4275,20.85,18.4275,20.85,0.25,1.05,D01
CC,10A,18.6775,20.85,18.6775,20.85,0.25,1.05,D01
CC,09A,18.9275,20.85,18.9275,20.85,0.25,1.05,D01
CC,08A,19.1775,20.85,19.1775,20.85,0.25,1.05,D01
CC,07A,19.4275,20.85,19.4275,20.85,0.25,1.05,D01
CC,06A,19.6775,20.85,19.6775,20.85,0.25,1.05,D01
CC,05A,19.9275,20.85,19.9275,20.85,0.25,1.05,D01
CC,04A,20.1775,20.85,20.1775,20.85,0.25,1.05,D01
BC,42A,21.1775,20.85,21.1775,20.85,0.25,1.05,D01
BC,41A,21.4275,20.85,21.4275,20.85,0.25,1.05,D01
BC,40A,21.6775,20.85,21.6775,20.85,0.25,1.05,D01
BC,39A,21.9275,20.85,21.9275,20.85,0.25,1.05,D01
BC,38A,22.1775,20.85,22.1775,20.85,0.25,1.05,D01
BC,37A,22.4275,20.85,22.4275,20.85,0.25,1.05,D01
BC,36A,22.6775,20.85,22.6775,20.85,0.25,1.05,D01
BC,35A,22.9275,20.85,22.9275,20.85,0.25,1.05,D01
BC,34A,23.1775,20.85,23.1775,20.85,0.25,1.05,D01
BC,33A,23.4275,20.85,23.4275,20.85,0.25,1.05,D01
BC,32A,23.6775,20.85,23.6775,20.85,0.25,1.05,D01
BC,31A,23.9275,20.85,23.9275,20.85,0.25,1.05,D01
BC,30A,24.1775,20.85,24.1775,20.85,0.25,1.05,D01
BC,29A,24.4275,20.85,24.4275,20.85,0.25,1.05,D01
BC,28A,24.6775,20.85,24.6775,20.85,0.25,1.05,D01
BC,27A,24.9275,20.85,24.9275,20.85,0.25,1.05,D01
BC,26A,25.1775,20.85,25.1775,20.85,0.25,1.05,D01
BC,25A,25.4275,20.85,25.4275,20.85,0.25,1.05,D01
BC,24A,25.6775,20.85,25.6775,20.85,0.25,1.05,D01
BC,23A,25.9275,20.85,25.9275,20.85,0.25,1.05,D01
BC,22A,26.1775,20.85,26.1775,20.85,0.25,1.05,D01
BC,21A,26.4275,20.85,26.4275,20.85,0.25,1.05,D01
BC,20A,26.6775,20.85,26.6775,20.85,0.25,1.05,D01
BC,19A,26.9275,20.85,26.9275,20.85,0.25,1.05,D01
BC,18A,27.1775,20.85,27.1775,20.85,0.25,1.05,D01
BC,17A,27.4275,20.85,27.4275,20.85,0.25,1.05,D01
BC,16A,27.6775,20.85,27.6775,20.85,0.25,1.05,D01
BC,15A,27.9275,20.85,27.9275,20.85,0.25,1.05,D01
BC,14A,28.1775,20.85,28.1775,20.85,0.25,1.05,D01
BC,13A,28.4275,20.85,28.4275,20.85,0.25,1.05,D01
BC,12A,28.6775,20.85,28.6775,20.85,0.25,1.05,D01
BC,11A,28.9275,20.85,28.9275,20.85,0.25,1.05,D01
BC,10A,29.1775,20.85,29.1775,20.85,0.25,1.05,D01
BC,09A,29.4275,20.85,29.4275,20.85,0.25,1.05,D01
BC,08A,29.6775,20.85,29.6775,20.85,0.25,1.05,D01
BC,07A,29.9275,20.85,29.9275,20.85,0.25,1.05,D01
BC,06A,30.1775,20.85,30.1775,20.85,0.25,1.05,D01
BC,05A,30.4275,20.85,30.4275,20.85,0.25,1.05,D01
BC,04A,30.6775,20.85,30.6775,20.85,0.25,1.05,D01
BC,04B,30.6775,19.8,30.6775,19.8,0.25,1.05,D01
BC,05B,30.4275,19.8,30.4275,19.8,0.25,1.05,D01
BC,06B,30.1775,19.8,30.1775,19.8,0.25,1.05,D01
BC,07B,29.9275,19.8,29.9275,19.8,0.25,1.05,D01
BC,08B,29.6775,19.8,29.6775,19.8,0.25,1.05,D01
BC,09B,29.4275,19.8,29.4275,19.8,0.25,1.05,D01
BC,10B,29.1775,19.8,29.1775,19.8,0.25,1.05,D01
BC,11B,28.9275,19.8,28.9275,19.8,0.25,1.05,D01
BC,12B,28.6775,19.8,28.6775,19.8,0.25,1.05,D01
BC,13B,28.4275,19.8,28.4275,19.8,0.25,1.05,D01
BC,14B,28.1775,19.8,28.1775,19.8,0.25,1.05,D01
BC,15B,27.9275,19.8,27.9275,19.8,0.25,1.05,D01
BC,16B,27.6775,19.8,27.6775,19.8,0.25,1.05,D01
BC,17B,27.4275,19.8,27.4275,19.8,0.25,1.05,D01
BC,18B,27.1775,19.8,27.1775,19.8,0.25,1.05,D01
BC,19B,26.9275,19.8,26.9275,19.8,0.25,1.05,D01
BC,20B,26.6775,19.8,26.6775,19.8,0.25,1.05,D01
BC,21B,26.4275,19.8,26.4275,19.8,0.25,1.05,D01
BC,22B,26.1775,19.8,26.1775,19.8,0.25,1.05,D01
BC,23B,25.9275,19.8,25.9275,19.8,0.25,1.05,D01
BC,24B,25.6775,19.8,25.6775,19.8,0.25,1.05,D01
BC,25B,25.4275,19.8,25.4275,19.8,0.25,1.05,D01
BC,26B,25.1775,19.8,25.1775,19.8,0.25,1.05,D01
BC,27B,24.9275,19.8,24.9275,19.8,0.25,1.05,D01
BC,28B,24.6775,19.8,24.6775,19.8,0.25,1.05,D01
BC,29B,24.4275,19.8,24.4275,19.8,0.25,1.05,D01
BC,30B,24.1775,19.8,24.1775,19.8,0.25,1.05,D01
BC,31B,23.9275,19.8,23.9275,19.8,0.25,1.05,D01
BC,32B,23.6775,19.8,23.6775,19.8,0.25,1.05,D01
BC,33B,23.4275,19.8,23.4275,19.8,0.25,1.05,D01
BC,34B,23.1775,19.8,23.1775,19.8,0.25,1.05,D01
BC,35B,22.9275,19.8,22.9275,19.8,0.25,1.05,D01
BC,36B,22.6775,19.8,22.6775,19.8,0.25,1.05,D01
BC,37B,22.4275,19.8,22.4275,19.8,0.25,1.05,D01
BC,38B,22.1775,19.8,22.1775,19.8,0.25,1.05,D01
BC,39B,21.9275,19.8,21.9275,19.8,0.25,1.05,D01
BC,40B,21.6775,19.8,21.6775,19.8,0.25,1.05,D01
BC,41B,21.4275,19.8,21.4275,19.8,0.25,1.05,D01
BC,42B,21.1775,19.8,21.1775,19.8,0.25,1.05,D01
CC,04B,20.1775,19.8,20.1775,19.8,0.25,1.05,D01
CC,05B,19.9275,19.8,19.9275,19.8,0.25,1.05,D01
CC,06B,19.6775,19.8,19.6775,19.8,0.25,1.05,D01
CC,07B,19.4275,19.8,19.4275,19.8,0.25,1.05,D01
CC,08B,19.1775,19.8,19.1775,19.8,0.25,1.05,D01
CC,09B,18.9275,19.8,18.9275,19.8,0.25,1.05,D01
CC,10B,18.6775,19.8,18.6775,19.8,0.25,1.05,D01
CC,11B,18.4275,19.8,18.4275,19.8,0.25,1.05,D01
CC,12B,18.1775,19.8,18.1775,19.8,0.25,1.05,D01
CC,13B,17.9275,19.8,17.9275,19.8,0.25,1.05,D01
CC,14B,17.6775,19.8,17.6775,19.8,0.25,1.05,D01
CC,15B,17.4275,19.8,17.4275,19.8,0.25,1.05,D01
CC,16B,17.1775,19.8,17.1775,19.8,0.25,1.05,D01
CC,17B,16.9275,19.8,16.9275,19.8,0.25,1.05,D01
CC,18B,16.6775,19.8,16.6775,19.8,0.25,1.05,D01
CC,19B,16.4275,19.8,16.4275,19.8,0.25,1.05,D01
CC,20B,16.1775,19.8,16.1775,19.8,0.25,1.05,D01
CC,21B,15.9275,19.8,15.9275,19.8,0.25,1.05,D01
CC,22B,15.6775,19.8,15.6775,19.8,0.25,1.05,D01
CC,23B,15.4275,19.8,15.4275,19.8,0.25,1.05,D01
CC,24B,15.1775,19.8,15.1775,19.8,0.25,1.05,D01
CC,25B,14.9275,19.8,14.9275,19.8,0.25,1.05,D01
CC,26B,14.6775,19.8,14.6775,19.8,0.25,1.05,D01
CC,27B,14.4275,19.8,14.4275,19.8,0.25,1.05,D01
CC,28B,14.1775,19.8,14.1775,19.8,0.25,1.05,D01
CC,29B,13.9275,19.8,13.9275,19.8,0.25,1.05,D01
CC,30B,13.6775,19.8,13.6775,19.8,0.25,1.05,D01
CC,31B,13.4275,19.8,13.4275,19.8,0.25,1.05,D01
CC,32B,13.1775,19.8,13.1775,19.8,0.25,1.05,D01
CC,33B,12.9275,19.8,12.9275,19.8,0.25,1.05,D01
CC,34B,12.6775,19.8,12.6775,19.8,0.25,1.05,D01
CC,35B,12.4275,19.8,12.4275,19.8,0.25,1.05,D01
CC,36B,12.1775,19.8,12.1775,19.8,0.25,1.05,D01
CC,37B,11.9275,19.8,11.9275,19.8,0.25,1.05,D01
CC,38B,11.6775,19.8,11.6775,19.8,0.25,1.05,D01
CC,39B,11.4275,19.8,11.4275,19.8,0.25,1.05,D01
CC,40B,11.1775,19.8,11.1775,19.8,0.25,1.05,D01
CC,41B,10.9275,19.8,10.9275,19.8,0.25,1.05,D01
CC,42B,10.6775,19.8,10.6775,19.8,0.25,1.05,D01
DC,04B,9.6775,19.8,9.6775,19.8,0.25,1.05,D01
DC,05B,9.4275,19.8,9.4275,19.8,0.25,1.05,D01
DC,06B,9.1775,19.8,9.1775,19.8,0.25,1.05,D01
DC,07B,8.9275,19.8,8.9275,19.8,0.25,1.05,D01
DC,08B,8.6775,19.8,8.6775,19.8,0.25,1.05,D01
DC,09B,8.4275,19.8,8.4275,19.8,0.25,1.05,D01
DC,10B,8.1775,19.8,8.1775,19.8,0.25,1.05,D01
DC,11B,7.9275,19.8,7.9275,19.8,0.25,1.05,D01
DC,12B,7.6775,19.8,7.6775,19.8,0.25,1.05,D01
DC,13B,7.4275,19.8,7.4275,19.8,0.25,1.05,D01
DC,14B,7.1775,19.8,7.1775,19.8,0.25,1.05,D01
DC,15B,6.9275,19.8,6.9275,19.8,0.25,1.05,D01
DC,16B,6.6775,19.8,6.6775,19.8,0.25,1.05,D01
DC,17B,6.4275,19.8,6.4275,19.8,0.25,1.05,D01
DC,18B,6.1775,19.8,6.1775,19.8,0.25,1.05,D01
DC,19B,5.9275,19.8,5.9275,19.8,0.25,1.05,D01
DC,20B,5.6775,19.8,5.6775,19.8,0.25,1.05,D01
DC,21B,5.4275,19.8,5.4275,19.8,0.25,1.05,D01
DC,22B,5.1775,19.8,5.1775,19.8,0.25,1.05,D01
DC,23B,4.9275,19.8,4.9275,19.8,0.25,1.05,D01
DC,24B,4.6775,19.8,4.6775,19.8,0.25,1.05,D01
DC,25B,4.4275,19.8,4.4275,19.8,0.25,1.05,D01
DC,26B,4.1775,19.8,4.1775,19.8,0.25,1.05,D01
DC,27B,3.9275,19.8,3.9275,19.8,0.25,1.05,D01
DC,28B,3.6775,19.8,3.6775,19.8,0.25,1.05,D01
DC,29B,3.4275,19.8,3.4275,19.8,0.25,1.05,D01
DC,30B,3.1775,19.8,3.1775,19.8,0.25,1.05,D01
DC,31B,2.9275,19.8,2.9275,19.8,0.25,1.05,D01
DC,32B,2.6775,19.8,2.6775,19.8,0.25,1.05,D01
DC,33B,2.4275,19.8,2.4275,19.8,0.25,1.05,D01
DC,34B,2.1775,19.8,2.1775,19.8,0.25,1.05,D01
DC,35B,1.9275,19.8,1.9275,19.8,0.25,1.05,D01
DC,36B,1.6775,19.8,1.6775,19.8,0.25,1.05,D01
DC,37B,1.4275,19.8,1.4275,19.8,0.25,1.05,D01
DC,38B,1.1775,19.8,1.1775,19.8,0.25,1.05,D01
DC,39B,0.9275,19.8,0.9275,19.8,0.25,1.05,D01
DC,40B,0.6775,19.8,0.6775,19.8,0.25,1.05,D01
DC,41B,0.4275,19.8,0.4275,19.8,0.25,1.05,D01
DC,42B,0.1775,19.8,0.1775,19.8,0.25,1.05,D01
EC,04B,-0.8225,19.8,-0.8225,19.8,0.25,1.05,D01
EC,05B,-1.0725,19.8,-1.0725,19.8,0.25,1.05,D01
EC,06B,-1.3225,19.8,-1.3225,19.8,0.25,1.05,D01
EC,07B,-1.5725,19.8,-1.5725,19.8,0.25,1.05,D01
EC,08B,-1.8225,19.8,-1.8225,19.8,0.25,1.05,D01
EC,09B,-2.0725,19.8,-2.0725,19.8,0.25,1.05,D01
EC,10B,-2.3225,19.8,-2.3225,19.8,0.25,1.05,D01
EC,11B,-2.5725,19.8,-2.5725,19.8,0.25,1.05,D01
EC,12B,-2.8225,19.8,-2.8225,19.8,0.25,1.05,D01
EC,13B,-3.0725,19.8,-3.0725,19.8,0.25,1.05,D01
EC,14B,-3.3225,19.8,-3.3225,19.8,0.25,1.05,D01
EC,15B,-3.5725,19.8,-3.5725,19.8,0.25,1.05,D01
EC,16B,-3.8225,19.8,-3.8225,19.8,0.25,1.05,D01
EC,17B,-4.0725,19.8,-4.0725,19.8,0.25,1.05,D01
EC,18B,-4.3225,19.8,-4.3225,19.8,0.25,1.05,D01
EC,19B,-4.5725,19.8,-4.5725,19.8,0.25,1.05,D01
EC,20B,-4.8225,19.8,-4.8225,19.8,0.25,1.05,D01
EC,21B,-5.0725,19.8,-5.0725,19.8,0.25,1.05,D01
EC,22B,-5.3225,19.8,-5.3225,19.8,0.25,1.05,D01
EC,23B,-5.5725,19.8,-5.5725,19.8,0.25,1.05,D01
EC,24B,-5.8225,19.8,-5.8225,19.8,0.25,1.05,D01
EC,25B,-6.0725,19.8,-6.0725,19.8,0.25,1.05,D01
EC,26B,-6.3225,19.8,-6.3225,19.8,0.25,1.05,D01
EC,27B,-6.5725,19.8,-6.5725,19.8,0.25,1.05,D01
EC,28B,-6.8225,19.8,-6.8225,19.8,0.25,1.05,D01
EC,29B,-7.0725,19.8,-7.0725,19.8,0.25,1.05,D01
EC,30B,-7.3225,19.8,-7.3225,19.8,0.25,1.05,D01
EC,31B,-7.5725,19.8,-7.5725,19.8,0.25,1.05,D01
EC,32B,-7.8225,19.8,-7.8225,19.8,0.25,1.05,D01
EC,33B,-8.0725,19.8,-8.0725,19.8,0.25,1.05,D01
EC,34B,-8.3225,19.8,-8.3225,19.8,0.25,1.05,D01
EC,35B,-8.5725,19.8,-8.5725,19.8,0.25,1.05,D01
EC,36B,-8.8225,19.8,-8.8225,19.8,0.25,1.05,D01
EC,37B,-9.0725,19.8,-9.0725,19.8,0.25,1.05,D01
EC,38B,-9.3225,19.8,-9.3225,19.8,0.25,1.05,D01
EC,39B,-9.5725,19.8,-9.5725,19.8,0.25,1.05,D01
EC,40B,-9.8225,19.8,-9.8225,19.8,0.25,1.05,D01
EC,41B,-10.0725,19.8,-10.0725,19.8,0.25,1.05,D01
EC,42B,-10.3225,19.8,-10.3225,19.8,0.25,1.05,D01
EC,42C,-10.3225,18.75,-10.3225,18.75,0.25,1.05,D01
EC,41C,-10.0725,18.75,-10.0725,18.75,0.25,1.05,D01
EC,40C,-9.8225,18.75,-9.8225,18.75,0.25,1.05,D01
EC,39C,-9.5725,18.75,-9.5725,18.75,0.25,1.05,D01
EC,38C,-9.3225,18.75,-9.3225,18.75,0.25,1.05,D01
EC,37C,-9.0725,18.75,-9.0725,18.75,0.25,1.05,D01
EC,36C,-8.8225,18.75,-8.8225,18.75,0.25,1.05,D01
EC,35C,-8.5725,18.75,-8.5725,18.75,0.25,1.05,D01
EC,34C,-8.3225,18.75,-8.3225,18.75,0.25,1.05,D01
EC,33C,-8.0725,18.75,-8.0725,18.75,0.25,1.05,D01
EC,32C,-7.8225,18.75,-7.8225,18.75,0.25,1.05,D01
EC,31C,-7.5725,18.75,-7.5725,18.75,0.25,1.05,D01
EC,30C,-7.3225,18.75,-7.3225,18.75,0.25,1.05,D01
EC,29C,-7.0725,18.75,-7.0725,18.75,0.25,1.05,D01
EC,28C,-6.8225,18.75,-6.8225,18.75,0.25,1.05,D01
EC,27C,-6.5725,18.75,-6.5725,18.75,0.25,1.05,D01
EC,26C,-6.3225,18.75,-6.3225,18.75,0.25,1.05,D01
EC,25C,-6.0725,18.75,-6.0725,18.75,0.25,1.05,D01
EC,24C,-5.8225,18.75,-5.8225,18.75,0.25,1.05,D01
EC,23C,-5.5725,18.75,-5.5725,18.75,0.25,1.05,D01
EC,22C,-5.3225,18.75,-5.3225,18.75,0.25,1.05,D01
EC,21C,-5.0725,18.75,-5.0725,18.75,0.25,1.05,D01
EC,20C,-4.8225,18.75,-4.8225,18.75,0.25,1.05,D01
EC,19C,-4.5725,18.75,-4.5725,18.75,0.25,1.05,D01
EC,18C,-4.3225,18.75,-4.3225,18.75,0.25,1.05,D01
EC,17C,-4.0725,18.75,-4.0725,18.75,0.25,1.05,D01
EC,16C,-3.8225,18.75,-3.8225,18.75,0.25,1.05,D01
EC,15C,-3.5725,18.75,-3.5725,18.75,0.25,1.05,D01
EC,14C,-3.3225,18.75,-3.3225,18.75,0.25,1.05,D01
EC,13C,-3.0725,18.75,-3.0725,18.75,0.25,1.05,D01
EC,12C,-2.8225,18.75,-2.8225,18.75,0.25,1.05,D01
EC,11C,-2.5725,18.75,-2.5725,18.75,0.25,1.05,D01
EC,10C,-2.3225,18.75,-2.3225,18.75,0.25,1.05,D01
EC,09C,-2.0725,18.75,-2.0725,18.75,0.25,1.05,D01
EC,08C,-1.8225,18.75,-1.8225,18.75,0.25,1.05,D01
EC,07C,-1.5725,18.75,-1.5725,18.75,0.25,1.05,D01
EC,06C,-1.3225,18.75,-1.3225,18.75,0.25,1.05,D01
EC,05C,-1.0725,18.75,-1.0725,18.75,0.25,1.05,D01
EC,04C,-0.8225,18.75,-0.8225,18.75,0.25,1.05,D01
DC,42C,0.1775,18.75,0.1775,18.75,0.25,1.05,D01
DC,41C,0.4275,18.75,0.4275,18.75,0.25,1.05,D01
DC,40C,0.6775,18.75,0.6775,18.75,0.25,1.05,D01
DC,39C,0.9275,18.75,0.9275,18.75,0.25,1.05,D01
DC,38C,1.1775,18.75,1.1775,18.75,0.25,1.05,D01
DC,37C,1.4275,18.75,1.4275,18.75,0.25,1.05,D01
DC,36C,1.6775,18.75,1.6775,18.75,0.25,1.05,D01
DC,35C,1.9275,18.75,1.9275,18.75,0.25,1.05,D01
DC,34C,2.1775,18.75,2.1775,18.75,0.25,1.05,D01
DC,33C,2.4275,18.75,2.4275,18.75,0.25,1.05,D01
DC,32C,2.6775,18.75,2.6775,18.75,0.25,1.05,D01
DC,31C,2.9275,18.75,2.9275,18.75,0.25,1.05,D01
DC,30C,3.1775,18.75,3.1775,18.75,0.25,1.05,D01
DC,29C,3.4275,18.75,3.4275,18.75,0.25,1.05,D01
DC,28C,3.6775,18.75,3.6775,18.75,0.25,1.05,D01
DC,27C,3.9275,18.75,3.9275,18.75,0.25,1.05,D01
DC,26C,4.1775,18.75,4.1775,18.75,0.25,1.05,D01
DC,25C,4.4275,18.75,4.4275,18.75,0.25,1.05,D01
DC,24C,4.6775,18.75,4.6775,18.75,0.25,1.05,D01
DC,23C,4.9275,18.75,4.9275,18.75,0.25,1.05,D01
DC,22C,5.1775,18.75,5.1775,18.75,0.25,1.05,D01
DC,21C,5.4275,18.75,5.4275,18.75,0.25,1.05,D01
DC,20C,5.6775,18.75,5.6775,18.75,0.25,1.05,D01
DC,19C,5.9275,18.75,5.9275,18.75,0.25,1.05,D01
DC,18C,6.1775,18.75,6.1775,18.75,0.25,1.05,D01
DC,17C,6.4275,18.75,6.4275,18.75,0.25,1.05,D01
DC,16C,6.6775,18.75,6.6775,18.75,0.25,1.05,D01
DC,15C,6.9275,18.75,6.9275,18.75,0.25,1.05,D01
DC,14C,7.1775,18.75,7.1775,18.75,0.25,1.05,D01
DC,13C,7.4275,18.75,7.4275,18.75,0.25,1.05,D01
DC,12C,7.6775,18.75,7.6775,18.75,0.25,1.05,D01
DC,11C,7.9275,18.75,7.9275,18.75,0.25,1.05,D01
DC,10C,8.1775,18.75,8.1775,18.75,0.25,1.05,D01
DC,09C,8.4275,18.75,8.4275,18.75,0.25,1.05,D01
DC,08C,8.6775,18.75,8.6775,18.75,0.25,1.05,D01
DC,07C,8.9275,18.75,8.9275,18.75,0.25,1.05,D01
DC,06C,9.1775,18.75,9.1775,18.75,0.25,1.05,D01
DC,05C,9.4275,18.75,9.4275,18.75,0.25,1.05,D01
DC,04C,9.6775,18.75,9.6775,18.75,0.25,1.05,D01
CC,42C,10.6775,18.75,10.6775,18.75,0.25,1.05,D01
CC,41C,10.9275,18.75,10.9275,18.75,0.25,1.05,D01
CC,40C,11.1775,18.75,11.1775,18.75,0.25,1.05,D01
CC,39C,11.4275,18.75,11.4275,18.75,0.25,1.05,D01
CC,38C,11.6775,18.75,11.6775,18.75,0.25,1.05,D01
CC,37C,11.9275,18.75,11.9275,18.75,0.25,1.05,D01
CC,36C,12.1775,18.75,12.1775,18.75,0.25,1.05,D01
CC,35C,12.4275,18.75,12.4275,18.75,0.25,1.05,D01
CC,34C,12.6775,18.75,12.6775,18.75,0.25,1.05,D01
CC,33C,12.9275,18.75,12.9275,18.75,0.25,1.05,D01
CC,32C,13.1775,18.75,13.1775,18.75,0.25,1.05,D01
CC,31C,13.4275,18.75,13.4275,18.75,0.25,1.05,D01
CC,30C,13.6775,18.75,13.6775,18.75,0.25,1.05,D01
CC,29C,13.9275,18.75,13.9275,18.75,0.25,1.05,D01
CC,28C,14.1775,18.75,14.1775,18.75,0.25,1.05,D01
CC,27C,14.4275,18.75,14.4275,18.75,0.25,1.05,D01
CC,26C,14.6775,18.75,14.6775,18.75,0.25,1.05,D01
CC,25C,14.9275,18.75,14.9275,18.75,0.25,1.05,D01
CC,24C,15.1775,18.75,15.1775,18.75,0.25,1.05,D01
CC,23C,15.4275,18.75,15.4275,18.75,0.25,1.05,D01
CC,22C,15.6775,18.75,15.6775,18.75,0.25,1.05,D01
CC,21C,15.9275,18.75,15.9275,18.75,0.25,1.05,D01
CC,20C,16.1775,18.75,16.1775,18.75,0.25,1.05,D01
CC,19C,16.4275,18.75,16.4275,18.75,0.25,1.05,D01
CC,18C,16.6775,18.75,16.6775,18.75,0.25,1.05,D01
CC,17C,16.9275,18.75,16.9275,18.75,0.25,1.05,D01
CC,16C,17.1775,18.75,17.1775,18.75,0.25,1.05,D01
CC,15C,17.4275,18.75,17.4275,18.75,0.25,1.05,D01
CC,14C,17.6775,18.75,17.6775,18.75,0.25,1.05,D01
CC,13C,17.9275,18.75,17.9275,18.75,0.25,1.05,D01
CC,12C,18.1775,18.75,18.1775,18.75,0.25,1.05,D01
CC,11C,18.4275,18.75,18.4275,18.75,0.25,1.05,D01
CC,10C,18.6775,18.75,18.6775,18.75,0.25,1.05,D01
CC,09C,18.9275,18.75,18.9275,18.75,0.25,1.05,D01
CC,08C,19.1775,18.75,19.1775,18.75,0.25,1.05,D01
CC,07C,19.4275,18.75,19.4275,18.75,0.25,1.05,D01
CC,06C,19.6775,18.75,19.6775,18.75,0.25,1.05,D01
CC,05C,19.9275,18.75,19.9275,18.75,0.25,1.05,D01
CC,04C,20.1775,18.75,20.1775,18.75,0.25,1.05,D01
BC,42C,21.1775,18.75,21.1775,18.75,0.25,1.05,D01
BC,41C,21.4275,18.75,21.4275,18.75,0.25,1.05,D01
BC,40C,21.6775,18.75,21.6775,18.75,0.25,1.05,D01
BC,39C,21.9275,18.75,21.9275,18.75,0.25,1.05,D01
BC,38C,22.1775,18.75,22.1775,18.75,0.25,1.05,D01
BC,37C,22.4275,18.75,22.4275,18.75,0.25,1.05,D01
BC,36C,22.6775,18.75,22.6775,18.75,0.25,1.05,D01
BC,35C,22.9275,18.75,22.9275,18.75,0.25,1.05,D01
BC,34C,23.1775,18.75,23.1775,18.75,0.25,1.05,D01
BC,33C,23.4275,18.75,23.4275,18.75,0.25,1.05,D01
BC,32C,23.6775,18.75,23.6775,18.75,0.25,1.05,D01
BC,31C,23.9275,18.75,23.9275,18.75,0.25,1.05,D01
BC,30C,24.1775,18.75,24.1775,18.75,0.25,1.05,D01
BC,29C,24.4275,18.75,24.4275,18.75,0.25,1.05,D01
BC,28C,24.6775,18.75,24.6775,18.75,0.25,1.05,D01
BC,27C,24.9275,18.75,24.9275,18.75,0.25,1.05,D01
BC,26C,25.1775,18.75,25.1775,18.75,0.25,1.05,D01
BC,25C,25.4275,18.75,25.4275,18.75,0.25,1.05,D01
BC,24C,25.6775,18.75,25.6775,18.75,0.25,1.05,D01
BC,23C,25.9275,18.75,25.9275,18.75,0.25,1.05,D01
BC,22C,26.1775,18.75,26.1775,18.75,0.25,1.05,D01
BC,21C,26.4275,18.75,26.4275,18.75,0.25,1.05,D01
BC,20C,26.6775,18.75,26.6775,18.75,0.25,1.05,D01
BC,19C,26.9275,18.75,26.9275,18.75,0.25,1.05,D01
BC,18C,27.1775,18.75,27.1775,18.75,0.25,1.05,D01
BC,17C,27.4275,18.75,27.4275,18.75,0.25,1.05,D01
BC,16C,27.6775,18.75,27.6775,18.75,0.25,1.05,D01
BC,15C,27.9275,18.75,27.9275,18.75,0.25,1.05,D01
BC,14C,28.1775,18.75,28.1775,18.75,0.25,1.05,D01
BC,13C,28.4275,18.75,28.4275,18.75,0.25,1.05,D01
BC,12C,28.6775,18.75,28.6775,18.75,0.25,1.05,D01
BC,11C,28.9275,18.75,28.9275,18.75,0.25,1.05,D01
BC,10C,29.1775,18.75,29.1775,18.75,0.25,1.05,D01
BC,09C,29.4275,18.75,29.4275,18.75,0.25,1.05,D01
BC,08C,29.6775,18.75,29.6775,18.75,0.25,1.05,D01
BC,07C,29.9275,18.75,29.9275,18.75,0.25,1.05,D01
BC,06C,30.1775,18.75,30.1775,18.75,0.25,1.05,D01
BC,05C,30.4275,18.75,30.4275,18.75,0.25,1.05,D01
BC,04C,30.6775,18.75,30.6775,18.75,0.25,1.05,D01
BC,04D,30.6775,17.7,30.6775,17.7,0.25,1.05,D01
BC,05D,30.4275,17.7,30.4275,17.7,0.25,1.05,D01
BC,06D,30.1775,17.7,30.1775,17.7,0.25,1.05,D01
BC,07D,29.9275,17.7,29.9275,17.7,0.25,1.05,D01
BC,08D,29.6775,17.7,29.6775,17.7,0.25,1.05,D01
BC,09D,29.4275,17.7,29.4275,17.7,0.25,1.05,D01
BC,10D,29.1775,17.7,29.1775,17.7,0.25,1.05,D01
BC,11D,28.9275,17.7,28.9275,17.7,0.25,1.05,D01
BC,12D,28.6775,17.7,28.6775,17.7,0.25,1.05,D01
BC,13D,28.4275,17.7,28.4275,17.7,0.25,1.05,D01
BC,14D,28.1775,17.7,28.1775,17.7,0.25,1.05,D01
BC,15D,27.9275,17.7,27.9275,17.7,0.25,1.05,D01
BC,16D,27.6775,17.7,27.6775,17.7,0.25,1.05,D01
BC,17D,27.4275,17.7,27.4275,17.7,0.25,1.05,D01
BC,18D,27.1775,17.7,27.1775,17.7,0.25,1.05,D01
BC,19D,26.9275,17.7,26.9275,17.7,0.25,1.05,D01
BC,20D,26.6775,17.7,26.6775,17.7,0.25,1.05,D01
BC,21D,26.4275,17.7,26.4275,17.7,0.25,1.05,D01
BC,22D,26.1775,17.7,26.1775,17.7,0.25,1.05,D01
BC,23D,25.9275,17.7,25.9275,17.7,0.25,1.05,D01
BC,24D,25.6775,17.7,25.6775,17.7,0.25,1.05,D01
BC,25D,25.4275,17.7,25.4275,17.7,0.25,1.05,D01
BC,26D,25.1775,17.7,25.1775,17.7,0.25,1.05,D01
BC,27D,24.9275,17.7,24.9275,17.7,0.25,1.05,D01
BC,28D,24.6775,17.7,24.6775,17.7,0.25,1.05,D01
BC,29D,24.4275,17.7,24.4275,17.7,0.25,1.05,D01
BC,30D,24.1775,17.7,24.1775,17.7,0.25,1.05,D01
BC,31D,23.9275,17.7,23.9275,17.7,0.25,1.05,D01
BC,32D,23.6775,17.7,23.6775,17.7,0.25,1.05,D01
BC,33D,23.4275,17.7,23.4275,17.7,0.25,1.05,D01
BC,34D,23.1775,17.7,23.1775,17.7,0.25,1.05,D01
BC,35D,22.9275,17.7,22.9275,17.7,0.25,1.05,D01
BC,36D,22.6775,17.7,22.6775,17.7,0.25,1.05,D01
BC,37D,22.4275,17.7,22.4275,17.7,0.25,1.05,D01
BC,38D,22.1775,17.7,22.1775,17.7,0.25,1.05,D01
BC,39D,21.9275,17.7,21.9275,17.7,0.25,1.05,D01
BC,40D,21.6775,17.7,21.6775,17.7,0.25,1.05,D01
BC,41D,21.4275,17.7,21.4275,17.7,0.25,1.05,D01
BC,42D,21.1775,17.7,21.1775,17.7,0.25,1.05,D01
CC,04D,20.1775,17.7,20.1775,17.7,0.25,1.05,D01
CC,05D,19.9275,17.7,19.9275,17.7,0.25,1.05,D01
CC,06D,19.6775,17.7,19.6775,17.7,0.25,1.05,D01
CC,07D,19.4275,17.7,19.4275,17.7,0.25,1.05,D01
CC,08D,19.1775,17.7,19.1775,17.7,0.25,1.05,D01
CC,09D,18.9275,17.7,18.9275,17.7,0.25,1.05,D01
CC,10D,18.6775,17.7,18.6775,17.7,0.25,1.05,D01
CC,11D,18.4275,17.7,18.4275,17.7,0.25,1.05,D01
CC,12D,18.1775,17.7,18.1775,17.7,0.25,1.05,D01
CC,13D,17.9275,17.7,17.9275,17.7,0.25,1.05,D01
CC,14D,17.6775,17.7,17.6775,17.7,0.25,1.05,D01
CC,15D,17.4275,17.7,17.4275,17.7,0.25,1.05,D01
CC,16D,17.1775,17.7,17.1775,17.7,0.25,1.05,D01
CC,17D,16.9275,17.7,16.9275,17.7,0.25,1.05,D01
CC,18D,16.6775,17.7,16.6775,17.7,0.25,1.05,D01
CC,19D,16.4275,17.7,16.4275,17.7,0.25,1.05,D01
CC,20D,16.1775,17.7,16.1775,17.7,0.25,1.05,D01
CC,21D,15.9275,17.7,15.9275,17.7,0.25,1.05,D01
CC,22D,15.6775,17.7,15.6775,17.7,0.25,1.05,D01
CC,23D,15.4275,17.7,15.4275,17.7,0.25,1.05,D01
CC,24D,15.1775,17.7,15.1775,17.7,0.25,1.05,D01
CC,25D,14.9275,17.7,14.9275,17.7,0.25,1.05,D01
CC,26D,14.6775,17.7,14.6775,17.7,0.25,1.05,D01
CC,27D,14.4275,17.7,14.4275,17.7,0.25,1.05,D01
CC,28D,14.1775,17.7,14.1775,17.7,0.25,1.05,D01
CC,29D,13.9275,17.7,13.9275,17.7,0.25,1.05,D01
CC,30D,13.6775,17.7,13.6775,17.7,0.25,1.05,D01
CC,31D,13.4275,17.7,13.4275,17.7,0.25,1.05,D01
CC,32D,13.1775,17.7,13.1775,17.7,0.25,1.05,D01
CC,33D,12.9275,17.7,12.9275,17.7,0.25,1.05,D01
CC,34D,12.6775,17.7,12.6775,17.7,0.25,1.05,D01
CC,35D,12.4275,17.7,12.4275,17.7,0.25,1.05,D01
CC,36D,12.1775,17.7,12.1775,17.7,0.25,1.05,D01
CC,37D,11.9275,17.7,11.9275,17.7,0.25,1.05,D01
CC,38D,11.6775,17.7,11.6775,17.7,0.25,1.05,D01
CC,39D,11.4275,17.7,11.4275,17.7,0.25,1.05,D01
CC,40D,11.1775,17.7,11.1775,17.7,0.25,1.05,D01
CC,41D,10.9275,17.7,10.9275,17.7,0.25,1.05,D01
CC,42D,10.6775,17.7,10.6775,17.7,0.25,1.05,D01
DC,04D,9.6775,17.7,9.6775,17.7,0.25,1.05,D01
DC,05D,9.4275,17.7,9.4275,17.7,0.25,1.05,D01
DC,06D,9.1775,17.7,9.1775,17.7,0.25,1.05,D01
DC,07D,8.9275,17.7,8.9275,17.7,0.25,1.05,D01
DC,08D,8.6775,17.7,8.6775,17.7,0.25,1.05,D01
DC,09D,8.4275,17.7,8.4275,17.7,0.25,1.05,D01
DC,10D,8.1775,17.7,8.1775,17.7,0.25,1.05,D01
DC,11D,7.9275,17.7,7.9275,17.7,0.25,1.05,D01
DC,12D,7.6775,17.7,7.6775,17.7,0.25,1.05,D01
DC,13D,7.4275,17.7,7.4275,17.7,0.25,1.05,D01
DC,14D,7.1775,17.7,7.1775,17.7,0.25,1.05,D01
DC,15D,6.9275,17.7,6.9275,17.7,0.25,1.05,D01
DC,16D,6.6775,17.7,6.6775,17.7,0.25,1.05,D01
DC,17D,6.4275,17.7,6.4275,17.7,0.25,1.05,D01
DC,18D,6.1775,17.7,6.1775,17.7,0.25,1.05,D01
DC,19D,5.9275,17.7,5.9275,17.7,0.25,1.05,D01
DC,20D,5.6775,17.7,5.6775,17.7,0.25,1.05,D01
DC,21D,5.4275,17.7,5.4275,17.7,0.25,1.05,D01
DC,22D,5.1775,17.7,5.1775,17.7,0.25,1.05,D01
DC,23D,4.9275,17.7,4.9275,17.7,0.25,1.05,D01
DC,24D,4.6775,17.7,4.6775,17.7,0.25,1.05,D01
DC,25D,4.4275,17.7,4.4275,17.7,0.25,1.05,D01
DC,26D,4.1775,17.7,4.1775,17.7,0.25,1.05,D01
DC,27D,3.9275,17.7,3.9275,17.7,0.25,1.05,D01
DC,28D,3.6775,17.7,3.6775,17.7,0.25,1.05,D01
DC,29D,3.4275,17.7,3.4275,17.7,0.25,1.05,D01
DC,30D,3.1775,17.7,3.1775,17.7,0.25,1.05,D01
DC,31D,2.9275,17.7,2.9275,17.7,0.25,1.05,D01
DC,32D,2.6775,17.7,2.6775,17.7,0.25,1.05,D01
DC,33D,2.4275,17.7,2.4275,17.7,0.25,1.05,D01
DC,34D,2.1775,17.7,2.1775,17.7,0.25,1.05,D01
DC,35D,1.9275,17.7,1.9275,17.7,0.25,1.05,D01
DC,36D,1.6775,17.7,1.6775,17.7,0.25,1.05,D01
DC,37D,1.4275,17.7,1.4275,17.7,0.25,1.05,D01
DC,38D,1.1775,17.7,1.1775,17.7,0.25,1.05,D01
DC,39D,0.9275,17.7,0.9275,17.7,0.25,1.05,D01
DC,40D,0.6775,17.7,0.6775,17.7,0.25,1.05,D01
DC,41D,0.4275,17.7,0.4275,17.7,0.25,1.05,D01
DC,42D,0.1775,17.7,0.1775,17.7,0.25,1.05,D01
EC,04D,-0.8225,17.7,-0.8225,17.7,0.25,1.05,D01
EC,05D,-1.0725,17.7,-1.0725,17.7,0.25,1.05,D01
EC,06D,-1.3225,17.7,-1.3225,17.7,0.25,1.05,D01
EC,07D,-1.5725,17.7,-1.5725,17.7,0.25,1.05,D01
EC,08D,-1.8225,17.7,-1.8225,17.7,0.25,1.05,D01
EC,09D,-2.0725,17.7,-2.0725,17.7,0.25,1.05,D01
EC,10D,-2.3225,17.7,-2.3225,17.7,0.25,1.05,D01
EC,11D,-2.5725,17.7,-2.5725,17.7,0.25,1.05,D01
EC,12D,-2.8225,17.7,-2.8225,17.7,0.25,1.05,D01
EC,13D,-3.0725,17.7,-3.0725,17.7,0.25,1.05,D01
EC,14D,-3.3225,17.7,-3.3225,17.7,0.25,1.05,D01
EC,15D,-3.5725,17.7,-3.5725,17.7,0.25,1.05,D01
EC,16D,-3.8225,17.7,-3.8225,17.7,0.25,1.05,D01
EC,17D,-4.0725,17.7,-4.0725,17.7,0.25,1.05,D01
EC,18D,-4.3225,17.7,-4.3225,17.7,0.25,1.05,D01
EC,19D,-4.5725,17.7,-4.5725,17.7,0.25,1.05,D01
EC,20D,-4.8225,17.7,-4.8225,17.7,0.25,1.05,D01
EC,21D,-5.0725,17.7,-5.0725,17.7,0.25,1.05,D01
EC,22D,-5.3225,17.7,-5.3225,17.7,0.25,1.05,D01
EC,23D,-5.5725,17.7,-5.5725,17.7,0.25,1.05,D01
EC,24D,-5.8225,17.7,-5.8225,17.7,0.25,1.05,D01
EC,25D,-6.0725,17.7,-6.0725,17.7,0.25,1.05,D01
EC,26D,-6.3225,17.7,-6.3225,17.7,0.25,1.05,D01
EC,27D,-6.5725,17.7,-6.5725,17.7,0.25,1.05,D01
EC,28D,-6.8225,17.7,-6.8225,17.7,0.25,1.05,D01
EC,29D,-7.0725,17.7,-7.0725,17.7,0.25,1.05,D01
EC,30D,-7.3225,17.7,-7.3225,17.7,0.25,1.05,D01
EC,31D,-7.5725,17.7,-7.5725,17.7,0.25,1.05,D01
EC,32D,-7.8225,17.7,-7.8225,17.7,0.25,1.05,D01
EC,33D,-8.0725,17.7,-8.0725,17.7,0.25,1.05,D01
EC,34D,-8.3225,17.7,-8.3225,17.7,0.25,1.05,D01
EC,35D,-8.5725,17.7,-8.5725,17.7,0.25,1.05,D01
EC,36D,-8.8225,17.7,-8.8225,17.7,0.25,1.05,D01
EC,37D,-9.0725,17.7,-9.0725,17.7,0.25,1.05,D01
EC,38D,-9.3225,17.7,-9.3225,17.7,0.25,1.05,D01
EC,39D,-9.5725,17.7,-9.5725,17.7,0.25,1.05,D01
EC,40D,-9.8225,17.7,-9.8225,17.7,0.25,1.05,D01
EC,41D,-10.0725,17.7,-10.0725,17.7,0.25,1.05,D01
EC,42D,-10.3225,17.7,-10.3225,17.7,0.25,1.05,D01
EC,40E,-9.8225,16.65,-9.8225,16.65,0.25,1.05,D01
EC,39E,-9.5725,16.65,-9.5725,16.65,0.25,1.05,D01
EC,38E,-9.3225,16.65,-9.3225,16.65,0.25,1.05,D01
EC,37E,-9.0725,16.65,-9.0725,16.65,0.25,1.05,D01
EC,36E,-8.8225,16.65,-8.8225,16.65,0.25,1.05,D01
EC,35E,-8.5725,16.65,-8.5725,16.65,0.25,1.05,D01
EC,34E,-8.3225,16.65,-8.3225,16.65,0.25,1.05,D01
EC,33E,-8.0725,16.65,-8.0725,16.65,0.25,1.05,D01
EC,32E,-7.8225,16.65,-7.8225,16.65,0.25,1.05,D01
EC,31E,-7.5725,16.65,-7.5725,16.65,0.25,1.05,D01
EC,28E,-6.8225,16.65,-6.8225,16.65,0.25,1.05,D01
EC,27E,-6.5725,16.65,-6.5725,16.65,0.25,1.05,D01
EC,26E,-6.3225,16.65,-6.3225,16.65,0.25,1.05,D01
EC,25E,-6.0725,16.65,-6.0725,16.65,0.25,1.05,D01
EC,24E,-5.8225,16.65,-5.8225,16.65,0.25,1.05,D01
EC,23E,-5.5725,16.65,-5.5725,16.65,0.25,1.05,D01
EC,22E,-5.3225,16.65,-5.3225,16.65,0.25,1.05,D01
EC,21E,-5.0725,16.65,-5.0725,16.65,0.25,1.05,D01
EC,20E,-4.8225,16.65,-4.8225,16.65,0.25,1.05,D01
EC,19E,-4.5725,16.65,-4.5725,16.65,0.25,1.05,D01
EC,16E,-3.8225,16.65,-3.8225,16.65,0.25,1.05,D01
EC,15E,-3.5725,16.65,-3.5725,16.65,0.25,1.05,D01
EC,14E,-3.3225,16.65,-3.3225,16.65,0.25,1.05,D01
EC,13E,-3.0725,16.65,-3.0725,16.65,0.25,1.05,D01
EC,12E,-2.8225,16.65,-2.8225,16.65,0.25,1.05,D01
EC,11E,-2.5725,16.65,-2.5725,16.65,0.25,1.05,D01
DC,40E,0.6775,16.65,0.6775,16.65,0.25,1.05,D01
DC,39E,0.9275,16.65,0.9275,16.65,0.25,1.05,D01
DC,38E,1.1775,16.65,1.1775,16.65,0.25,1.05,D01
DC,37E,1.4275,16.65,1.4275,16.65,0.25,1.05,D01
DC,36E,1.6775,16.65,1.6775,16.65,0.25,1.05,D01
DC,35E,1.9275,16.65,1.9275,16.65,0.25,1.05,D01
DC,34E,2.1775,16.65,2.1775,16.65,0.25,1.05,D01
DC,33E,2.4275,16.65,2.4275,16.65,0.25,1.05,D01
DC,32E,2.6775,16.65,2.6775,16.65,0.25,1.05,D01
DC,31E,2.9275,16.65,2.9275,16.65,0.25,1.05,D01
DC,28E,3.6775,16.65,3.6775,16.65,0.25,1.05,D01
DC,27E,3.9275,16.65,3.9275,16.65,0.25,1.05,D01
DC,26E,4.1775,16.65,4.1775,16.65,0.25,1.05,D01
DC,25E,4.4275,16.65,4.4275,16.65,0.25,1.05,D01
DC,24E,4.6775,16.65,4.6775,16.65,0.25,1.05,D01
DC,23E,4.9275,16.65,4.9275,16.65,0.25,1.05,D01
DC,22E,5.1775,16.65,5.1775,16.65,0.25,1.05,D01
DC,21E,5.4275,16.65,5.4275,16.65,0.25,1.05,D01
DC,20E,5.6775,16.65,5.6775,16.65,0.25,1.05,D01
DC,19E,5.9275,16.65,5.9275,16.65,0.25,1.05,D01
DC,16E,6.6775,16.65,6.6775,16.65,0.25,1.05,D01
DC,15E,6.9275,16.65,6.9275,16.65,0.25,1.05,D01
DC,14E,7.1775,16.65,7.1775,16.65,0.25,1.05,D01
DC,13E,7.4275,16.65,7.4275,16.65,0.25,1.05,D01
DC,12E,7.6775,16.65,7.6775,16.65,0.25,1.05,D01
DC,11E,7.9275,16.65,7.9275,16.65,0.25,1.05,D01
CC,40E,11.1775,16.65,11.1775,16.65,0.25,1.05,D01
CC,39E,11.4275,16.65,11.4275,16.65,0.25,1.05,D01
CC,38E,11.6775,16.65,11.6775,16.65,0.25,1.05,D01
CC,37E,11.9275,16.65,11.9275,16.65,0.25,1.05,D01
CC,36E,12.1775,16.65,12.1775,16.65,0.25,1.05,D01
CC,35E,12.4275,16.65,12.4275,16.65,0.25,1.05,D01
CC,34E,12.6775,16.65,12.6775,16.65,0.25,1.05,D01
CC,33E,12.9275,16.65,12.9275,16.65,0.25,1.05,D01
CC,32E,13.1775,16.65,13.1775,16.65,0.25,1.05,D01
CC,31E,13.4275,16.65,13.4275,16.65,0.25,1.05,D01
CC,28E,14.1775,16.65,14.1775,16.65,0.25,1.05,D01
CC,27E,14.4275,16.65,14.4275,16.65,0.25,1.05,D01
CC,26E,14.6775,16.65,14.6775,16.65,0.25,1.05,D01
CC,25E,14.9275,16.65,14.9275,16.65,0.25,1.05,D01
CC,24E,15.1775,16.65,15.1775,16.65,0.25,1.05,D01
CC,23E,15.4275,16.65,15.4275,16.65,0.25,1.05,D01
CC,22E,15.6775,16.65,15.6775,16.65,0.25,1.05,D01
CC,21E,15.9275,16.65,15.9275,16.65,0.25,1.05,D01
CC,20E,16.1775,16.65,16.1775,16.65,0.25,1.05,D01
CC,19E,16.4275,16.65,16.4275,16.65,0.25,1.05,D01
CC,16E,17.1775,16.65,17.1775,16.65,0.25,1.05,D01
CC,15E,17.4275,16.65,17.4275,16.65,0.25,1.05,D01
CC,14E,17.6775,16.65,17.6775,16.65,0.25,1.05,D01
CC,13E,17.9275,16.65,17.9275,16.65,0.25,1.05,D01
CC,12E,18.1775,16.65,18.1775,16.65,0.25,1.05,D01
CC,11E,18.4275,16.65,18.4275,16.65,0.25,1.05,D01
BC,40E,21.6775,16.65,21.6775,16.65,0.25,1.05,D01
BC,39E,21.9275,16.65,21.9275,16.65,0.25,1.05,D01
BC,38E,22.1775,16.65,22.1775,16.65,0.25,1.05,D01
BC,37E,22.4275,16.65,22.4275,16.65,0.25,1.05,D01
BC,36E,22.6775,16.65,22.6775,16.65,0.25,1.05,D01
BC,35E,22.9275,16.65,22.9275,16.65,0.25,1.05,D01
BC,34E,23.1775,16.65,23.1775,16.65,0.25,1.05,D01
BC,33E,23.4275,16.65,23.4275,16.65,0.25,1.05,D01
BC,32E,23.6775,16.65,23.6775,16.65,0.25,1.05,D01
BC,31E,23.9275,16.65,23.9275,16.65,0.25,1.05,D01
BC,28E,24.6775,16.65,24.6775,16.65,0.25,1.05,D01
BC,27E,24.9275,16.65,24.9275,16.65,0.25,1.05,D01
BC,26E,25.1775,16.65,25.1775,16.65,0.25,1.05,D01
BC,25E,25.4275,16.65,25.4275,16.65,0.25,1.05,D01
BC,24E,25.6775,16.65,25.6775,16.65,0.25,1.05,D01
BC,23E,25.9275,16.65,25.9275,16.65,0.25,1.05,D01
BC,22E,26.1775,16.65,26.1775,16.65,0.25,1.05,D01
BC,21E,26.4275,16.65,26.4275,16.65,0.25,1.05,D01
BC,20E,26.6775,16.65,26.6775,16.65,0.25,1.05,D01
BC,19E,26.9275,16.65,26.9275,16.65,0.25,1.05,D01
BC,16E,27.6775,16.65,27.6775,16.65,0.25,1.05,D01
BC,15E,27.9275,16.65,27.9275,16.65,0.25,1.05,D01
BC,14E,28.1775,16.65,28.1775,16.65,0.25,1.05,D01
BC,13E,28.4275,16.65,28.4275,16.65,0.25,1.05,D01
BC,12E,28.6775,16.65,28.6775,16.65,0.25,1.05,D01
BC,11E,28.9275,16.65,28.9275,16.65,0.25,1.05,D01
BC,11F,28.9275,15.6,28.9275,15.6,0.25,1.05,D01
BC,12F,28.6775,15.6,28.6775,15.6,0.25,1.05,D01
BC,13F,28.4275,15.6,28.4275,15.6,0.25,1.05,D01
BC,14F,28.1775,15.6,28.1775,15.6,0.25,1.05,D01
BC,15F,27.9275,15.6,27.9275,15.6,0.25,1.05,D01
BC,16F,27.6775,15.6,27.6775,15.6,0.25,1.05,D01
BC,19F,26.9275,15.6,26.9275,15.6,0.25,1.05,D01
BC,20F,26.6775,15.6,26.6775,15.6,0.25,1.05,D01
BC,21F,26.4275,15.6,26.4275,15.6,0.25,1.05,D01
BC,22F,26.1775,15.6,26.1775,15.6,0.25,1.05,D01
BC,23F,25.9275,15.6,25.9275,15.6,0.25,1.05,D01
BC,24F,25.6775,15.6,25.6775,15.6,0.25,1.05,D01
BC,25F,25.4275,15.6,25.4275,15.6,0.25,1.05,D01
BC,26F,25.1775,15.6,25.1775,15.6,0.25,1.05,D01
BC,27F,24.9275,15.6,24.9275,15.6,0.25,1.05,D01
BC,28F,24.6775,15.6,24.6775,15.6,0.25,1.05,D01
BC,31F,23.9275,15.6,23.9275,15.6,0.25,1.05,D01
BC,32F,23.6775,15.6,23.6775,15.6,0.25,1.05,D01
BC,33F,23.4275,15.6,23.4275,15.6,0.25,1.05,D01
BC,34F,23.1775,15.6,23.1775,15.6,0.25,1.05,D01
BC,35F,22.9275,15.6,22.9275,15.6,0.25,1.05,D01
BC,36F,22.6775,15.6,22.6775,15.6,0.25,1.05,D01
BC,37F,22.4275,15.6,22.4275,15.6,0.25,1.05,D01
BC,38F,22.1775,15.6,22.1775,15.6,0.25,1.05,D01
BC,39F,21.9275,15.6,21.9275,15.6,0.25,1.05,D01
BC,40F,21.6775,15.6,21.6775,15.6,0.25,1.05,D01
CC,11F,18.4275,15.6,18.4275,15.6,0.25,1.05,D01
CC,12F,18.1775,15.6,18.1775,15.6,0.25,1.05,D01
CC,13F,17.9275,15.6,17.9275,15.6,0.25,1.05,D01
CC,14F,17.6775,15.6,17.6775,15.6,0.25,1.05,D01
CC,15F,17.4275,15.6,17.4275,15.6,0.25,1.05,D01
CC,16F,17.1775,15.6,17.1775,15.6,0.25,1.05,D01
CC,19F,16.4275,15.6,16.4275,15.6,0.25,1.05,D01
CC,20F,16.1775,15.6,16.1775,15.6,0.25,1.05,D01
CC,21F,15.9275,15.6,15.9275,15.6,0.25,1.05,D01
CC,22F,15.6775,15.6,15.6775,15.6,0.25,1.05,D01
CC,23F,15.4275,15.6,15.4275,15.6,0.25,1.05,D01
CC,24F,15.1775,15.6,15.1775,15.6,0.25,1.05,D01
CC,25F,14.9275,15.6,14.9275,15.6,0.25,1.05,D01
CC,26F,14.6775,15.6,14.6775,15.6,0.25,1.05,D01
CC,27F,14.4275,15.6,14.4275,15.6,0.25,1.05,D01
CC,28F,14.1775,15.6,14.1775,15.6,0.25,1.05,D01
CC,31F,13.4275,15.6,13.4275,15.6,0.25,1.05,D01
CC,32F,13.1775,15.6,13.1775,15.6,0.25,1.05,D01
CC,33F,12.9275,15.6,12.9275,15.6,0.25,1.05,D01
CC,34F,12.6775,15.6,12.6775,15.6,0.25,1.05,D01
CC,35F,12.4275,15.6,12.4275,15.6,0.25,1.05,D01
CC,36F,12.1775,15.6,12.1775,15.6,0.25,1.05,D01
CC,37F,11.9275,15.6,11.9275,15.6,0.25,1.05,D01
CC,38F,11.6775,15.6,11.6775,15.6,0.25,1.05,D01
CC,39F,11.4275,15.6,11.4275,15.6,0.25,1.05,D01
CC,40F,11.1775,15.6,11.1775,15.6,0.25,1.05,D01
DC,11F,7.9275,15.6,7.9275,15.6,0.25,1.05,D01
DC,12F,7.6775,15.6,7.6775,15.6,0.25,1.05,D01
DC,13F,7.4275,15.6,7.4275,15.6,0.25,1.05,D01
DC,14F,7.1775,15.6,7.1775,15.6,0.25,1.05,D01
DC,15F,6.9275,15.6,6.9275,15.6,0.25,1.05,D01
DC,16F,6.6775,15.6,6.6775,15.6,0.25,1.05,D01
DC,19F,5.9275,15.6,5.9275,15.6,0.25,1.05,D01
DC,20F,5.6775,15.6,5.6775,15.6,0.25,1.05,D01
DC,21F,5.4275,15.6,5.4275,15.6,0.25,1.05,D01
DC,22F,5.1775,15.6,5.1775,15.6,0.25,1.05,D01
DC,23F,4.9275,15.6,4.9275,15.6,0.25,1.05,D01
DC,24F,4.6775,15.6,4.6775,15.6,0.25,1.05,D01
DC,25F,4.4275,15.6,4.4275,15.6,0.25,1.05,D01
DC,26F,4.1775,15.6,4.1775,15.6,0.25,1.05,D01
DC,27F,3.9275,15.6,3.9275,15.6,0.25,1.05,D01
DC,28F,3.6775,15.6,3.6775,15.6,0.25,1.05,D01
DC,31F,2.9275,15.6,2.9275,15.6,0.25,1.05,D01
DC,32F,2.6775,15.6,2.6775,15.6,0.25,1.05,D01
DC,33F,2.4275,15.6,2.4275,15.6,0.25,1.05,D01
DC,34F,2.1775,15.6,2.1775,15.6,0.25,1.05,D01
DC,35F,1.9275,15.6,1.9275,15.6,0.25,1.05,D01
DC,36F,1.6775,15.6,1.6775,15.6,0.25,1.05,D01
DC,37F,1.4275,15.6,1.4275,15.6,0.25,1.05,D01
DC,38F,1.1775,15.6,1.1775,15.6,0.25,1.05,D01
DC,39F,0.9275,15.6,0.9275,15.6,0.25,1.05,D01
DC,40F,0.6775,15.6,0.6775,15.6,0.25,1.05,D01
EC,11F,-2.5725,15.6,-2.5725,15.6,0.25,1.05,D01
EC,12F,-2.8225,15.6,-2.8225,15.6,0.25,1.05,D01
EC,13F,-3.0725,15.6,-3.0725,15.6,0.25,1.05,D01
EC,14F,-3.3225,15.6,-3.3225,15.6,0.25,1.05,D01
EC,15F,-3.5725,15.6,-3.5725,15.6,0.25,1.05,D01
EC,16F,-3.8225,15.6,-3.8225,15.6,0.25,1.05,D01
EC,19F,-4.5725,15.6,-4.5725,15.6,0.25,1.05,D01
EC,20F,-4.8225,15.6,-4.8225,15.6,0.25,1.05,D01
EC,21F,-5.0725,15.6,-5.0725,15.6,0.25,1.05,D01
EC,22F,-5.3225,15.6,-5.3225,15.6,0.25,1.05,D01
EC,23F,-5.5725,15.6,-5.5725,15.6,0.25,1.05,D01
EC,24F,-5.8225,15.6,-5.8225,15.6,0.25,1.05,D01
EC,25F,-6.0725,15.6,-6.0725,15.6,0.25,1.05,D01
EC,26F,-6.3225,15.6,-6.3225,15.6,0.25,1.05,D01
EC,27F,-6.5725,15.6,-6.5725,15.6,0.25,1.05,D01
EC,28F,-6.8225,15.6,-6.8225,15.6,0.25,1.05,D01
EC,31F,-7.5725,15.6,-7.5725,15.6,0.25,1.05,D01
EC,32F,-7.8225,15.6,-7.8225,15.6,0.25,1.05,D01
EC,33F,-8.0725,15.6,-8.0725,15.6,0.25,1.05,D01
EC,34F,-8.3225,15.6,-8.3225,15.6,0.25,1.05,D01
EC,35F,-8.5725,15.6,-8.5725,15.6,0.25,1.05,D01
EC,36F,-8.8225,15.6,-8.8225,15.6,0.25,1.05,D01
EC,37F,-9.0725,15.6,-9.0725,15.6,0.25,1.05,D01
EC,38F,-9.3225,15.6,-9.3225,15.6,0.25,1.05,D01
EC,39F,-9.5725,15.6,-9.5725,15.6,0.25,1.05,D01
EC,40F,-9.8225,15.6,-9.8225,15.6,0.25,1.05,D01
EC,40G,-9.8225,14.55,-9.8225,14.55,0.25,1.05,D01
EC,39G,-9.5725,14.55,-9.5725,14.55,0.25,1.05,D01
EC,38G,-9.3225,14.55,-9.3225,14.55,0.25,1.05,D01
EC,37G,-9.0725,14.55,-9.0725,14.55,0.25,1.05,D01
EC,36G,-8.8225,14.55,-8.8225,14.55,0.25,1.05,D01
EC,35G,-8.5725,14.55,-8.5725,14.55,0.25,1.05,D01
EC,34G,-8.3225,14.55,-8.3225,14.55,0.25,1.05,D01
EC,33G,-8.0725,14.55,-8.0725,14.55,0.25,1.05,D01
EC,32G,-7.8225,14.55,-7.8225,14.55,0.25,1.05,D01
EC,31G,-7.5725,14.55,-7.5725,14.55,0.25,1.05,D01
EC,28G,-6.8225,14.55,-6.8225,14.55,0.25,1.05,D01
EC,27G,-6.5725,14.55,-6.5725,14.55,0.25,1.05,D01
EC,26G,-6.3225,14.55,-6.3225,14.55,0.25,1.05,D01
EC,25G,-6.0725,14.55,-6.0725,14.55,0.25,1.05,D01
EC,24G,-5.8225,14.55,-5.8225,14.55,0.25,1.05,D01
EC,23G,-5.5725,14.55,-5.5725,14.55,0.25,1.05,D01
EC,22G,-5.3225,14.55,-5.3225,14.55,0.25,1.05,D01
EC,21G,-5.0725,14.55,-5.0725,14.55,0.25,1.05,D01
EC,20G,-4.8225,14.55,-4.8225,14.55,0.25,1.05,D01
EC,19G,-4.5725,14.55,-4.5725,14.55,0.25,1.05,D01
EC,16G,-3.8225,14.55,-3.8225,14.55,0.25,1.05,D01
EC,15G,-3.5725,14.55,-3.5725,14.55,0.25,1.05,D01
EC,14G,-3.3225,14.55,-3.3225,14.55,0.25,1.05,D01
EC,13G,-3.0725,14.55,-3.0725,14.55,0.25,1.05,D01
EC,12G,-2.8225,14.55,-2.8225,14.55,0.25,1.05,D01
EC,11G,-2.5725,14.55,-2.5725,14.55,0.25,1.05,D01
DC,40G,0.6775,14.55,0.6775,14.55,0.25,1.05,D01
DC,39G,0.9275,14.55,0.9275,14.55,0.25,1.05,D01
DC,38G,1.1775,14.55,1.1775,14.55,0.25,1.05,D01
DC,37G,1.4275,14.55,1.4275,14.55,0.25,1.05,D01
DC,36G,1.6775,14.55,1.6775,14.55,0.25,1.05,D01
DC,35G,1.9275,14.55,1.9275,14.55,0.25,1.05,D01
DC,34G,2.1775,14.55,2.1775,14.55,0.25,1.05,D01
DC,33G,2.4275,14.55,2.4275,14.55,0.25,1.05,D01
DC,32G,2.6775,14.55,2.6775,14.55,0.25,1.05,D01
DC,31G,2.9275,14.55,2.9275,14.55,0.25,1.05,D01
DC,28G,3.6775,14.55,3.6775,14.55,0.25,1.05,D01
DC,27G,3.9275,14.55,3.9275,14.55,0.25,1.05,D01
DC,26G,4.1775,14.55,4.1775,14.55,0.25,1.05,D01
DC,25G,4.4275,14.55,4.4275,14.55,0.25,1.05,D01
DC,24G,4.6775,14.55,4.6775,14.55,0.25,1.05,D01
DC,23G,4.9275,14.55,4.9275,14.55,0.25,1.05,D01
DC,22G,5.1775,14.55,5.1775,14.55,0.25,1.05,D01
DC,21G,5.4275,14.55,5.4275,14.55,0.25,1.05,D01
DC,20G,5.6775,14.55,5.6775,14.55,0.25,1.05,D01
DC,19G,5.9275,14.55,5.9275,14.55,0.25,1.05,D01
DC,16G,6.6775,14.55,6.6775,14.55,0.25,1.05,D01
DC,15G,6.9275,14.55,6.9275,14.55,0.25,1.05,D01
DC,14G,7.1775,14.55,7.1775,14.55,0.25,1.05,D01
DC,13G,7.4275,14.55,7.4275,14.55,0.25,1.05,D01
DC,12G,7.6775,14.55,7.6775,14.55,0.25,1.05,D01
DC,11G,7.9275,14.55,7.9275,14.55,0.25,1.05,D01
CC,40G,11.1775,14.55,11.1775,14.55,0.25,1.05,D01
CC,39G,11.4275,14.55,11.4275,14.55,0.25,1.05,D01
CC,38G,11.6775,14.55,11.6775,14.55,0.25,1.05,D01
CC,37G,11.9275,14.55,11.9275,14.55,0.25,1.05,D01
CC,36G,12.1775,14.55,12.1775,14.55,0.25,1.05,D01
CC,35G,12.4275,14.55,12.4275,14.55,0.25,1.05,D01
CC,34G,12.6775,14.55,12.6775,14.55,0.25,1.05,D01
CC,33G,12.9275,14.55,12.9275,14.55,0.25,1.05,D01
CC,32G,13.1775,14.55,13.1775,14.55,0.25,1.05,D01
CC,31G,13.4275,14.55,13.4275,14.55,0.25,1.05,D01
CC,28G,14.1775,14.55,14.1775,14.55,0.25,1.05,D01
CC,27G,14.4275,14.55,14.4275,14.55,0.25,1.05,D01
CC,26G,14.6775,14.55,14.6775,14.55,0.25,1.05,D01
CC,25G,14.9275,14.55,14.9275,14.55,0.25,1.05,D01
CC,24G,15.1775,14.55,15.1775,14.55,0.25,1.05,D01
CC,23G,15.4275,14.55,15.4275,14.55,0.25,1.05,D01
CC,22G,15.6775,14.55,15.6775,14.55,0.25,1.05,D01
CC,21G,15.9275,14.55,15.9275,14.55,0.25,1.05,D01
CC,20G,16.1775,14.55,16.1775,14.55,0.25,1.05,D01
CC,19G,16.4275,14.55,16.4275,14.55,0.25,1.05,D01
CC,16G,17.1775,14.55,17.1775,14.55,0.25,1.05,D01
CC,15G,17.4275,14.55,17.4275,14.55,0.25,1.05,D01
CC,14G,17.6775,14.55,17.6775,14.55,0.25,1.05,D01
CC,13G,17.9275,14.55,17.9275,14.55,0.25,1.05,D01
CC,12G,18.1775,14.55,18.1775,14.55,0.25,1.05,D01
CC,11G,18.4275,14.55,18.4275,14.55,0.25,1.05,D01
BC,40G,21.6775,14.55,21.6775,14.55,0.25,1.05,D01
BC,39G,21.9275,14.55,21.9275,14.55,0.25,1.05,D01
BC,38G,22.1775,14.55,22.1775,14.55,0.25,1.05,D01
BC,37G,22.4275,14.55,22.4275,14.55,0.25,1.05,D01
BC,36G,22.6775,14.55,22.6775,14.55,0.25,1.05,D01
BC,35G,22.9275,14.55,22.9275,14.55,0.25,1.05,D01
BC,34G,23.1775,14.55,23.1775,14.55,0.25,1.05,D01
BC,33G,23.4275,14.55,23.4275,14.55,0.25,1.05,D01
BC,32G,23.6775,14.55,23.6775,14.55,0.25,1.05,D01
BC,31G,23.9275,14.55,23.9275,14.55,0.25,1.05,D01
BC,28G,24.6775,14.55,24.6775,14.55,0.25,1.05,D01
BC,27G,24.9275,14.55,24.9275,14.55,0.25,1.05,D01
BC,26G,25.1775,14.55,25.1775,14.55,0.25,1.05,D01
BC,25G,25.4275,14.55,25.4275,14.55,0.25,1.05,D01
BC,24G,25.6775,14.55,25.6775,14.55,0.25,1.05,D01
BC,23G,25.9275,14.55,25.9275,14.55,0.25,1.05,D01
BC,22G,26.1775,14.55,26.1775,14.55,0.25,1.05,D01
BC,21G,26.4275,14.55,26.4275,14.55,0.25,1.05,D01
BC,20G,26.6775,14.55,26.6775,14.55,0.25,1.05,D01
BC,19G,26.9275,14.55,26.9275,14.55,0.25,1.05,D01
BC,16G,27.6775,14.55,27.6775,14.55,0.25,1.05,D01
BC,15G,27.9275,14.55,27.9275,14.55,0.25,1.05,D01
BC,14G,28.1775,14.55,28.1775,14.55,0.25,1.05,D01
BC,13G,28.4275,14.55,28.4275,14.55,0.25,1.05,D01
BC,12G,28.6775,14.55,28.6775,14.55,0.25,1.05,D01
BC,11G,28.9275,14.55,28.9275,14.55,0.25,1.05,D01
BC,11H,28.9275,13.5,28.9275,13.5,0.25,1.05,D01
BC,12H,28.6775,13.5,28.6775,13.5,0.25,1.05,D01
BC,13H,28.4275,13.5,28.4275,13.5,0.25,1.05,D01
BC,14H,28.1775,13.5,28.1775,13.5,0.25,1.05,D01
BC,15H,27.9275,13.5,27.9275,13.5,0.25,1.05,D01
BC,16H,27.6775,13.5,27.6775,13.5,0.25,1.05,D01
BC,19H,26.9275,13.5,26.9275,13.5,0.25,1.05,D01
BC,20H,26.6775,13.5,26.6775,13.5,0.25,1.05,D01
BC,21H,26.4275,13.5,26.4275,13.5,0.25,1.05,D01
BC,22H,26.1775,13.5,26.1775,13.5,0.25,1.05,D01
BC,23H,25.9275,13.5,25.9275,13.5,0.25,1.05,D01
BC,24H,25.6775,13.5,25.6775,13.5,0.25,1.05,D01
BC,25H,25.4275,13.5,25.4275,13.5,0.25,1.05,D01
BC,26H,25.1775,13.5,25.1775,13.5,0.25,1.05,D01
BC,27H,24.9275,13.5,24.9275,13.5,0.25,1.05,D01
BC,28H,24.6775,13.5,24.6775,13.5,0.25,1.05,D01
BC,31H,23.9275,13.5,23.9275,13.5,0.25,1.05,D01
BC,32H,23.6775,13.5,23.6775,13.5,0.25,1.05,D01
BC,33H,23.4275,13.5,23.4275,13.5,0.25,1.05,D01
BC,34H,23.1775,13.5,23.1775,13.5,0.25,1.05,D01
BC,35H,22.9275,13.5,22.9275,13.5,0.25,1.05,D01
BC,36H,22.6775,13.5,22.6775,13.5,0.25,1.05,D01
BC,37H,22.4275,13.5,22.4275,13.5,0.25,1.05,D01
BC,38H,22.1775,13.5,22.1775,13.5,0.25,1.05,D01
BC,39H,21.9275,13.5,21.9275,13.5,0.25,1.05,D01
BC,40H,21.6775,13.5,21.6775,13.5,0.25,1.05,D01
CC,11H,18.4275,13.5,18.4275,13.5,0.25,1.05,D01
CC,12H,18.1775,13.5,18.1775,13.5,0.25,1.05,D01
CC,13H,17.9275,13.5,17.9275,13.5,0.25,1.05,D01
CC,14H,17.6775,13.5,17.6775,13.5,0.25,1.05,D01
CC,15H,17.4275,13.5,17.4275,13.5,0.25,1.05,D01
CC,16H,17.1775,13.5,17.1775,13.5,0.25,1.05,D01
CC,19H,16.4275,13.5,16.4275,13.5,0.25,1.05,D01
CC,20H,16.1775,13.5,16.1775,13.5,0.25,1.05,D01
CC,21H,15.9275,13.5,15.9275,13.5,0.25,1.05,D01
CC,22H,15.6775,13.5,15.6775,13.5,0.25,1.05,D01
CC,23H,15.4275,13.5,15.4275,13.5,0.25,1.05,D01
CC,24H,15.1775,13.5,15.1775,13.5,0.25,1.05,D01
CC,25H,14.9275,13.5,14.9275,13.5,0.25,1.05,D01
CC,26H,14.6775,13.5,14.6775,13.5,0.25,1.05,D01
CC,27H,14.4275,13.5,14.4275,13.5,0.25,1.05,D01
CC,28H,14.1775,13.5,14.1775,13.5,0.25,1.05,D01
CC,31H,13.4275,13.5,13.4275,13.5,0.25,1.05,D01
CC,32H,13.1775,13.5,13.1775,13.5,0.25,1.05,D01
CC,33H,12.9275,13.5,12.9275,13.5,0.25,1.05,D01
CC,34H,12.6775,13.5,12.6775,13.5,0.25,1.05,D01
CC,35H,12.4275,13.5,12.4275,13.5,0.25,1.05,D01
CC,36H,12.1775,13.5,12.1775,13.5,0.25,1.05,D01
CC,37H,11.9275,13.5,11.9275,13.5,0.25,1.05,D01
CC,38H,11.6775,13.5,11.6775,13.5,0.25,1.05,D01
CC,39H,11.4275,13.5,11.4275,13.5,0.25,1.05,D01
CC,40H,11.1775,13.5,11.1775,13.5,0.25,1.05,D01
DC,11H,7.9275,13.5,7.9275,13.5,0.25,1.05,D01
DC,12H,7.6775,13.5,7.6775,13.5,0.25,1.05,D01
DC,13H,7.4275,13.5,7.4275,13.5,0.25,1.05,D01
DC,14H,7.1775,13.5,7.1775,13.5,0.25,1.05,D01
DC,15H,6.9275,13.5,6.9275,13.5,0.25,1.05,D01
DC,16H,6.6775,13.5,6.6775,13.5,0.25,1.05,D01
DC,19H,5.9275,13.5,5.9275,13.5,0.25,1.05,D01
DC,20H,5.6775,13.5,5.6775,13.5,0.25,1.05,D01
DC,21H,5.4275,13.5,5.4275,13.5,0.25,1.05,D01
DC,22H,5.1775,13.5,5.1775,13.5,0.25,1.05,D01
DC,23H,4.9275,13.5,4.9275,13.5,0.25,1.05,D01
DC,24H,4.6775,13.5,4.6775,13.5,0.25,1.05,D01
DC,25H,4.4275,13.5,4.4275,13.5,0.25,1.05,D01
DC,26H,4.1775,13.5,4.1775,13.5,0.25,1.05,D01
DC,27H,3.9275,13.5,3.9275,13.5,0.25,1.05,D01
DC,28H,3.6775,13.5,3.6775,13.5,0.25,1.05,D01
DC,31H,2.9275,13.5,2.9275,13.5,0.25,1.05,D01
DC,32H,2.6775,13.5,2.6775,13.5,0.25,1.05,D01
DC,33H,2.4275,13.5,2.4275,13.5,0.25,1.05,D01
DC,34H,2.1775,13.5,2.1775,13.5,0.25,1.05,D01
DC,35H,1.9275,13.5,1.9275,13.5,0.25,1.05,D01
DC,36H,1.6775,13.5,1.6775,13.5,0.25,1.05,D01
DC,37H,1.4275,13.5,1.4275,13.5,0.25,1.05,D01
DC,38H,1.1775,13.5,1.1775,13.5,0.25,1.05,D01
DC,39H,0.9275,13.5,0.9275,13.5,0.25,1.05,D01
DC,40H,0.6775,13.5,0.6775,13.5,0.25,1.05,D01
EC,11H,-2.5725,13.5,-2.5725,13.5,0.25,1.05,D01
EC,12H,-2.8225,13.5,-2.8225,13.5,0.25,1.05,D01
EC,13H,-3.0725,13.5,-3.0725,13.5,0.25,1.05,D01
EC,14H,-3.3225,13.5,-3.3225,13.5,0.25,1.05,D01
EC,15H,-3.5725,13.5,-3.5725,13.5,0.25,1.05,D01
EC,16H,-3.8225,13.5,-3.8225,13.5,0.25,1.05,D01
EC,19H,-4.5725,13.5,-4.5725,13.5,0.25,1.05,D01
EC,20H,-4.8225,13.5,-4.8225,13.5,0.25,1.05,D01
EC,21H,-5.0725,13.5,-5.0725,13.5,0.25,1.05,D01
EC,22H,-5.3225,13.5,-5.3225,13.5,0.25,1.05,D01
EC,23H,-5.5725,13.5,-5.5725,13.5,0.25,1.05,D01
EC,24H,-5.8225,13.5,-5.8225,13.5,0.25,1.05,D01
EC,25H,-6.0725,13.5,-6.0725,13.5,0.25,1.05,D01
EC,26H,-6.3225,13.5,-6.3225,13.5,0.25,1.05,D01
EC,27H,-6.5725,13.5,-6.5725,13.5,0.25,1.05,D01
EC,28H,-6.8225,13.5,-6.8225,13.5,0.25,1.05,D01
EC,31H,-7.5725,13.5,-7.5725,13.5,0.25,1.05,D01
EC,32H,-7.8225,13.5,-7.8225,13.5,0.25,1.05,D01
EC,33H,-8.0725,13.5,-8.0725,13.5,0.25,1.05,D01
EC,34H,-8.3225,13.5,-8.3225,13.5,0.25,1.05,D01
EC,35H,-8.5725,13.5,-8.5725,13.5,0.25,1.05,D01
EC,36H,-8.8225,13.5,-8.8225,13.5,0.25,1.05,D01
EC,37H,-9.0725,13.5,-9.0725,13.5,0.25,1.05,D01
EC,38H,-9.3225,13.5,-9.3225,13.5,0.25,1.05,D01
EC,39H,-9.5725,13.5,-9.5725,13.5,0.25,1.05,D01
EC,40H,-9.8225,13.5,-9.8225,13.5,0.25,1.05,D01
EC,40I,-9.8225,12.45,-9.8225,12.45,0.25,1.05,D01
EC,39I,-9.5725,12.45,-9.5725,12.45,0.25,1.05,D01
EC,38I,-9.3225,12.45,-9.3225,12.45,0.25,1.05,D01
EC,37I,-9.0725,12.45,-9.0725,12.45,0.25,1.05,D01
EC,36I,-8.8225,12.45,-8.8225,12.45,0.25,1.05,D01
EC,35I,-8.5725,12.45,-8.5725,12.45,0.25,1.05,D01
EC,34I,-8.3225,12.45,-8.3225,12.45,0.25,1.05,D01
EC,33I,-8.0725,12.45,-8.0725,12.45,0.25,1.05,D01
EC,32I,-7.8225,12.45,-7.8225,12.45,0.25,1.05,D01
EC,31I,-7.5725,12.45,-7.5725,12.45,0.25,1.05,D01
EC,28I,-6.8225,12.45,-6.8225,12.45,0.25,1.05,D01
EC,27I,-6.5725,12.45,-6.5725,12.45,0.25,1.05,D01
EC,26I,-6.3225,12.45,-6.3225,12.45,0.25,1.05,D01
EC,25I,-6.0725,12.45,-6.0725,12.45,0.25,1.05,D01
EC,24I,-5.8225,12.45,-5.8225,12.45,0.25,1.05,D01
EC,23I,-5.5725,12.45,-5.5725,12.45,0.25,1.05,D01
EC,22I,-5.3225,12.45,-5.3225,12.45,0.25,1.05,D01
EC,21I,-5.0725,12.45,-5.0725,12.45,0.25,1.05,D01
EC,20I,-4.8225,12.45,-4.8225,12.45,0.25,1.05,D01
EC,19I,-4.5725,12.45,-4.5725,12.45,0.25,1.05,D01
EC,16I,-3.8225,12.45,-3.8225,12.45,0.25,1.05,D01
EC,15I,-3.5725,12.45,-3.5725,12.45,0.25,1.05,D01
EC,14I,-3.3225,12.45,-3.3225,12.45,0.25,1.05,D01
EC,13I,-3.0725,12.45,-3.0725,12.45,0.25,1.05,D01
EC,12I,-2.8225,12.45,-2.8225,12.45,0.25,1.05,D01
EC,11I,-2.5725,12.45,-2.5725,12.45,0.25,1.05,D01
DC,40I,0.6775,12.45,0.6775,12.45,0.25,1.05,D01
DC,39I,0.9275,12.45,0.9275,12.45,0.25,1.05,D01
DC,38I,1.1775,12.45,1.1775,12.45,0.25,1.05,D01
DC,37I,1.4275,12.45,1.4275,12.45,0.25,1.05,D01
DC,36I,1.6775,12.45,1.6775,12.45,0.25,1.05,D01
DC,35I,1.9275,12.45,1.9275,12.45,0.25,1.05,D01
DC,34I,2.1775,12.45,2.1775,12.45,0.25,1.05,D01
DC,33I,2.4275,12.45,2.4275,12.45,0.25,1.05,D01
DC,32I,2.6775,12.45,2.6775,12.45,0.25,1.05,D01
DC,31I,2.9275,12.45,2.9275,12.45,0.25,1.05,D01
DC,28I,3.6775,12.45,3.6775,12.45,0.25,1.05,D01
DC,27I,3.9275,12.45,3.9275,12.45,0.25,1.05,D01
DC,26I,4.1775,12.45,4.1775,12.45,0.25,1.05,D01
DC,25I,4.4275,12.45,4.4275,12.45,0.25,1.05,D01
DC,24I,4.6775,12.45,4.6775,12.45,0.25,1.05,D01
DC,23I,4.9275,12.45,4.9275,12.45,0.25,1.05,D01
DC,22I,5.1775,12.45,5.1775,12.45,0.25,1.05,D01
DC,21I,5.4275,12.45,5.4275,12.45,0.25,1.05,D01
DC,20I,5.6775,12.45,5.6775,12.45,0.25,1.05,D01
DC,19I,5.9275,12.45,5.9275,12.45,0.25,1.05,D01
DC,16I,6.6775,12.45,6.6775,12.45,0.25,1.05,D01
DC,15I,6.9275,12.45,6.9275,12.45,0.25,1.05,D01
DC,14I,7.1775,12.45,7.1775,12.45,0.25,1.05,D01
DC,13I,7.4275,12.45,7.4275,12.45,0.25,1.05,D01
DC,12I,7.6775,12.45,7.6775,12.45,0.25,1.05,D01
DC,11I,7.9275,12.45,7.9275,12.45,0.25,1.05,D01
CC,40I,11.1775,12.45,11.1775,12.45,0.25,1.05,D01
CC,39I,11.4275,12.45,11.4275,12.45,0.25,1.05,D01
CC,38I,11.6775,12.45,11.6775,12.45,0.25,1.05,D01
CC,37I,11.9275,12.45,11.9275,12.45,0.25,1.05,D01
CC,36I,12.1775,12.45,12.1775,12.45,0.25,1.05,D01
CC,35I,12.4275,12.45,12.4275,12.45,0.25,1.05,D01
CC,34I,12.6775,12.45,12.6775,12.45,0.25,1.05,D01
CC,33I,12.9275,12.45,12.9275,12.45,0.25,1.05,D01
CC,32I,13.1775,12.45,13.1775,12.45,0.25,1.05,D01
CC,31I,13.4275,12.45,13.4275,12.45,0.25,1.05,D01
CC,28I,14.1775,12.45,14.1775,12.45,0.25,1.05,D01
CC,27I,14.4275,12.45,14.4275,12.45,0.25,1.05,D01
CC,26I,14.6775,12.45,14.6775,12.45,0.25,1.05,D01
CC,25I,14.9275,12.45,14.9275,12.45,0.25,1.05,D01
CC,24I,15.1775,12.45,15.1775,12.45,0.25,1.05,D01
CC,23I,15.4275,12.45,15.4275,12.45,0.25,1.05,D01
CC,22I,15.6775,12.45,15.6775,12.45,0.25,1.05,D01
CC,21I,15.9275,12.45,15.9275,12.45,0.25,1.05,D01
CC,20I,16.1775,12.45,16.1775,12.45,0.25,1.05,D01
CC,19I,16.4275,12.45,16.4275,12.45,0.25,1.05,D01
CC,16I,17.1775,12.45,17.1775,12.45,0.25,1.05,D01
CC,15I,17.4275,12.45,17.4275,12.45,0.25,1.05,D01
CC,14I,17.6775,12.45,17.6775,12.45,0.25,1.05,D01
CC,13I,17.9275,12.45,17.9275,12.45,0.25,1.05,D01
CC,12I,18.1775,12.45,18.1775,12.45,0.25,1.05,D01
CC,11I,18.4275,12.45,18.4275,12.45,0.25,1.05,D01
BC,40I,21.6775,12.45,21.6775,12.45,0.25,1.05,D01
BC,39I,21.9275,12.45,21.9275,12.45,0.25,1.05,D01
BC,38I,22.1775,12.45,22.1775,12.45,0.25,1.05,D01
BC,37I,22.4275,12.45,22.4275,12.45,0.25,1.05,D01
BC,36I,22.6775,12.45,22.6775,12.45,0.25,1.05,D01
BC,35I,22.9275,12.45,22.9275,12.45,0.25,1.05,D01
BC,34I,23.1775,12.45,23.1775,12.45,0.25,1.05,D01
BC,33I,23.4275,12.45,23.4275,12.45,0.25,1.05,D01
BC,32I,23.6775,12.45,23.6775,12.45,0.25,1.05,D01
BC,31I,23.9275,12.45,23.9275,12.45,0.25,1.05,D01
BC,28I,24.6775,12.45,24.6775,12.45,0.25,1.05,D01
BC,27I,24.9275,12.45,24.9275,12.45,0.25,1.05,D01
BC,26I,25.1775,12.45,25.1775,12.45,0.25,1.05,D01
BC,25I,25.4275,12.45,25.4275,12.45,0.25,1.05,D01
BC,24I,25.6775,12.45,25.6775,12.45,0.25,1.05,D01
BC,23I,25.9275,12.45,25.9275,12.45,0.25,1.05,D01
BC,22I,26.1775,12.45,26.1775,12.45,0.25,1.05,D01
BC,21I,26.4275,12.45,26.4275,12.45,0.25,1.05,D01
BC,20I,26.6775,12.45,26.6775,12.45,0.25,1.05,D01
BC,19I,26.9275,12.45,26.9275,12.45,0.25,1.05,D01
BC,16I,27.6775,12.45,27.6775,12.45,0.25,1.05,D01
BC,15I,27.9275,12.45,27.9275,12.45,0.25,1.05,D01
BC,14I,28.1775,12.45,28.1775,12.45,0.25,1.05,D01
BC,13I,28.4275,12.45,28.4275,12.45,0.25,1.05,D01
BC,12I,28.6775,12.45,28.6775,12.45,0.25,1.05,D01
BC,11I,28.9275,12.45,28.9275,12.45,0.25,1.05,D01
BC,11J,28.9275,11.4,28.9275,11.4,0.25,1.05,D01
BC,12J,28.6775,11.4,28.6775,11.4,0.25,1.05,D01
BC,13J,28.4275,11.4,28.4275,11.4,0.25,1.05,D01
BC,14J,28.1775,11.4,28.1775,11.4,0.25,1.05,D01
BC,15J,27.9275,11.4,27.9275,11.4,0.25,1.05,D01
BC,16J,27.6775,11.4,27.6775,11.4,0.25,1.05,D01
BC,19J,26.9275,11.4,26.9275,11.4,0.25,1.05,D01
BC,20J,26.6775,11.4,26.6775,11.4,0.25,1.05,D01
BC,21J,26.4275,11.4,26.4275,11.4,0.25,1.05,D01
BC,22J,26.1775,11.4,26.1775,11.4,0.25,1.05,D01
BC,23J,25.9275,11.4,25.9275,11.4,0.25,1.05,D01
BC,24J,25.6775,11.4,25.6775,11.4,0.25,1.05,D01
BC,25J,25.4275,11.4,25.4275,11.4,0.25,1.05,D01
BC,26J,25.1775,11.4,25.1775,11.4,0.25,1.05,D01
BC,27J,24.9275,11.4,24.9275,11.4,0.25,1.05,D01
BC,28J,24.6775,11.4,24.6775,11.4,0.25,1.05,D01
BC,31J,23.9275,11.4,23.9275,11.4,0.25,1.05,D01
BC,32J,23.6775,11.4,23.6775,11.4,0.25,1.05,D01
BC,33J,23.4275,11.4,23.4275,11.4,0.25,1.05,D01
BC,34J,23.1775,11.4,23.1775,11.4,0.25,1.05,D01
BC,35J,22.9275,11.4,22.9275,11.4,0.25,1.05,D01
BC,36J,22.6775,11.4,22.6775,11.4,0.25,1.05,D01
BC,37J,22.4275,11.4,22.4275,11.4,0.25,1.05,D01
BC,38J,22.1775,11.4,22.1775,11.4,0.25,1.05,D01
BC,39J,21.9275,11.4,21.9275,11.4,0.25,1.05,D01
BC,40J,21.6775,11.4,21.6775,11.4,0.25,1.05,D01
CC,11J,18.4275,11.4,18.4275,11.4,0.25,1.05,D01
CC,12J,18.1775,11.4,18.1775,11.4,0.25,1.05,D01
CC,13J,17.9275,11.4,17.9275,11.4,0.25,1.05,D01
CC,14J,17.6775,11.4,17.6775,11.4,0.25,1.05,D01
CC,15J,17.4275,11.4,17.4275,11.4,0.25,1.05,D01
CC,16J,17.1775,11.4,17.1775,11.4,0.25,1.05,D01
CC,19J,16.4275,11.4,16.4275,11.4,0.25,1.05,D01
CC,20J,16.1775,11.4,16.1775,11.4,0.25,1.05,D01
CC,21J,15.9275,11.4,15.9275,11.4,0.25,1.05,D01
CC,22J,15.6775,11.4,15.6775,11.4,0.25,1.05,D01
CC,23J,15.4275,11.4,15.4275,11.4,0.25,1.05,D01
CC,24J,15.1775,11.4,15.1775,11.4,0.25,1.05,D01
CC,25J,14.9275,11.4,14.9275,11.4,0.25,1.05,D01
CC,26J,14.6775,11.4,14.6775,11.4,0.25,1.05,D01
CC,27J,14.4275,11.4,14.4275,11.4,0.25,1.05,D01
CC,28J,14.1775,11.4,14.1775,11.4,0.25,1.05,D01
CC,31J,13.4275,11.4,13.4275,11.4,0.25,1.05,D01
CC,32J,13.1775,11.4,13.1775,11.4,0.25,1.05,D01
CC,33J,12.9275,11.4,12.9275,11.4,0.25,1.05,D01
CC,34J,12.6775,11.4,12.6775,11.4,0.25,1.05,D01
CC,35J,12.4275,11.4,12.4275,11.4,0.25,1.05,D01
CC,36J,12.1775,11.4,12.1775,11.4,0.25,1.05,D01
CC,37J,11.9275,11.4,11.9275,11.4,0.25,1.05,D01
CC,38J,11.6775,11.4,11.6775,11.4,0.25,1.05,D01
CC,39J,11.4275,11.4,11.4275,11.4,0.25,1.05,D01
CC,40J,11.1775,11.4,11.1775,11.4,0.25,1.05,D01
DC,11J,7.9275,11.4,7.9275,11.4,0.25,1.05,D01
DC,12J,7.6775,11.4,7.6775,11.4,0.25,1.05,D01
DC,13J,7.4275,11.4,7.4275,11.4,0.25,1.05,D01
DC,14J,7.1775,11.4,7.1775,11.4,0.25,1.05,D01
DC,15J,6.9275,11.4,6.9275,11.4,0.25,1.05,D01
DC,16J,6.6775,11.4,6.6775,11.4,0.25,1.05,D01
DC,19J,5.9275,11.4,5.9275,11.4,0.25,1.05,D01
DC,20J,5.6775,11.4,5.6775,11.4,0.25,1.05,D01
DC,21J,5.4275,11.4,5.4275,11.4,0.25,1.05,D01
DC,22J,5.1775,11.4,5.1775,11.4,0.25,1.05,D01
DC,23J,4.9275,11.4,4.9275,11.4,0.25,1.05,D01
DC,24J,4.6775,11.4,4.6775,11.4,0.25,1.05,D01
DC,25J,4.4275,11.4,4.4275,11.4,0.25,1.05,D01
DC,26J,4.1775,11.4,4.1775,11.4,0.25,1.05,D01
DC,27J,3.9275,11.4,3.9275,11.4,0.25,1.05,D01
DC,28J,3.6775,11.4,3.6775,11.4,0.25,1.05,D01
DC,31J,2.9275,11.4,2.9275,11.4,0.25,1.05,D01
DC,32J,2.6775,11.4,2.6775,11.4,0.25,1.05,D01
DC,33J,2.4275,11.4,2.4275,11.4,0.25,1.05,D01
DC,34J,2.1775,11.4,2.1775,11.4,0.25,1.05,D01
DC,35J,1.9275,11.4,1.9275,11.4,0.25,1.05,D01
DC,36J,1.6775,11.4,1.6775,11.4,0.25,1.05,D01
DC,37J,1.4275,11.4,1.4275,11.4,0.25,1.05,D01
DC,38J,1.1775,11.4,1.1775,11.4,0.25,1.05,D01
DC,39J,0.9275,11.4,0.9275,11.4,0.25,1.05,D01
DC,40J,0.6775,11.4,0.6775,11.4,0.25,1.05,D01
EC,11J,-2.5725,11.4,-2.5725,11.4,0.25,1.05,D01
EC,12J,-2.8225,11.4,-2.8225,11.4,0.25,1.05,D01
EC,13J,-3.0725,11.4,-3.0725,11.4,0.25,1.05,D01
EC,14J,-3.3225,11.4,-3.3225,11.4,0.25,1.05,D01
EC,15J,-3.5725,11.4,-3.5725,11.4,0.25,1.05,D01
EC,16J,-3.8225,11.4,-3.8225,11.4,0.25,1.05,D01
EC,19J,-4.5725,11.4,-4.5725,11.4,0.25,1.05,D01
EC,20J,-4.8225,11.4,-4.8225,11.4,0.25,1.05,D01
EC,21J,-5.0725,11.4,-5.0725,11.4,0.25,1.05,D01
EC,22J,-5.3225,11.4,-5.3225,11.4,0.25,1.05,D01
EC,23J,-5.5725,11.4,-5.5725,11.4,0.25,1.05,D01
EC,24J,-5.8225,11.4,-5.8225,11.4,0.25,1.05,D01
EC,25J,-6.0725,11.4,-6.0725,11.4,0.25,1.05,D01
EC,26J,-6.3225,11.4,-6.3225,11.4,0.25,1.05,D01
EC,27J,-6.5725,11.4,-6.5725,11.4,0.25,1.05,D01
EC,28J,-6.8225,11.4,-6.8225,11.4,0.25,1.05,D01
EC,31J,-7.5725,11.4,-7.5725,11.4,0.25,1.05,D01
EC,32J,-7.8225,11.4,-7.8225,11.4,0.25,1.05,D01
EC,33J,-8.0725,11.4,-8.0725,11.4,0.25,1.05,D01
EC,34J,-8.3225,11.4,-8.3225,11.4,0.25,1.05,D01
EC,35J,-8.5725,11.4,-8.5725,11.4,0.25,1.05,D01
EC,36J,-8.8225,11.4,-8.8225,11.4,0.25,1.05,D01
EC,37J,-9.0725,11.4,-9.0725,11.4,0.25,1.05,D01
EC,38J,-9.3225,11.4,-9.3225,11.4,0.25,1.05,D01
EC,39J,-9.5725,11.4,-9.5725,11.4,0.25,1.05,D01
EC,40J,-9.8225,11.4,-9.8225,11.4,0.25,1.05,D01
DD,42A,0.1775,10.35,0.1775,10.35,0.25,1.05,D01
DD,41A,0.4275,10.35,0.4275,10.35,0.25,1.05,D01
DD,40A,0.6775,10.35,0.6775,10.35,0.25,1.05,D01
DD,39A,0.9275,10.35,0.9275,10.35,0.25,1.05,D01
DD,38A,1.1775,10.35,1.1775,10.35,0.25,1.05,D01
DD,37A,1.4275,10.35,1.4275,10.35,0.25,1.05,D01
DD,36A,1.6775,10.35,1.6775,10.35,0.25,1.05,D01
DD,35A,1.9275,10.35,1.9275,10.35,0.25,1.05,D01
DD,34A,2.1775,10.35,2.1775,10.35,0.25,1.05,D01
DD,33A,2.4275,10.35,2.4275,10.35,0.25,1.05,D01
DD,32A,2.6775,10.35,2.6775,10.35,0.25,1.05,D01
DD,31A,2.9275,10.35,2.9275,10.35,0.25,1.05,D01
DD,30A,3.1775,10.35,3.1775,10.35,0.25,1.05,D01
DD,29A,3.4275,10.35,3.4275,10.35,0.25,1.05,D01
DD,28A,3.6775,10.35,3.6775,10.35,0.25,1.05,D01
DD,27A,3.9275,10.35,3.9275,10.35,0.25,1.05,D01
DD,26A,4.1775,10.35,4.1775,10.35,0.25,1.05,D01
DD,25A,4.4275,10.35,4.4275,10.35,0.25,1.05,D01
DD,24A,4.6775,10.35,4.6775,10.35,0.25,1.05,D01
DD,23A,4.9275,10.35,4.9275,10.35,0.25,1.05,D01
DD,22A,5.1775,10.35,5.1775,10.35,0.25,1.05,D01
DD,21A,5.4275,10.35,5.4275,10.35,0.25,1.05,D01
DD,20A,5.6775,10.35,5.6775,10.35,0.25,1.05,D01
DD,19A,5.9275,10.35,5.9275,10.35,0.25,1.05,D01
DD,18A,6.1775,10.35,6.1775,10.35,0.25,1.05,D01
DD,17A,6.4275,10.35,6.4275,10.35,0.25,1.05,D01
DD,16A,6.6775,10.35,6.6775,10.35,0.25,1.05,D01
DD,15A,6.9275,10.35,6.9275,10.35,0.25,1.05,D01
DD,14A,7.1775,10.35,7.1775,10.35,0.25,1.05,D01
DD,13A,7.4275,10.35,7.4275,10.35,0.25,1.05,D01
DD,12A,7.6775,10.35,7.6775,10.35,0.25,1.05,D01
DD,11A,7.9275,10.35,7.9275,10.35,0.25,1.05,D01
DD,10A,8.1775,10.35,8.1775,10.35,0.25,1.05,D01
DD,09A,8.4275,10.35,8.4275,10.35,0.25,1.05,D01
DD,08A,8.6775,10.35,8.6775,10.35,0.25,1.05,D01
DD,07A,8.9275,10.35,8.9275,10.35,0.25,1.05,D01
DD,06A,9.1775,10.35,9.1775,10.35,0.25,1.05,D01
DD,05A,9.4275,10.35,9.4275,10.35,0.25,1.05,D01
DD,04A,9.6775,10.35,9.6775,10.35,0.25,1.05,D01
CD,42A,10.6775,10.35,10.6775,10.35,0.25,1.05,D01
CD,41A,10.9275,10.35,10.9275,10.35,0.25,1.05,D01
CD,40A,11.1775,10.35,11.1775,10.35,0.25,1.05,D01
CD,39A,11.4275,10.35,11.4275,10.35,0.25,1.05,D01
CD,38A,11.6775,10.35,11.6775,10.35,0.25,1.05,D01
CD,37A,11.9275,10.35,11.9275,10.35,0.25,1.05,D01
CD,36A,12.1775,10.35,12.1775,10.35,0.25,1.05,D01
CD,35A,12.4275,10.35,12.4275,10.35,0.25,1.05,D01
CD,34A,12.6775,10.35,12.6775,10.35,0.25,1.05,D01
CD,33A,12.9275,10.35,12.9275,10.35,0.25,1.05,D01
CD,32A,13.1775,10.35,13.1775,10.35,0.25,1.05,D01
CD,31A,13.4275,10.35,13.4275,10.35,0.25,1.05,D01
CD,30A,13.6775,10.35,13.6775,10.35,0.25,1.05,D01
CD,29A,13.9275,10.35,13.9275,10.35,0.25,1.05,D01
CD,28A,14.1775,10.35,14.1775,10.35,0.25,1.05,D01
CD,27A,14.4275,10.35,14.4275,10.35,0.25,1.05,D01
CD,26A,14.6775,10.35,14.6775,10.35,0.25,1.05,D01
CD,25A,14.9275,10.35,14.9275,10.35,0.25,1.05,D01
CD,24A,15.1775,10.35,15.1775,10.35,0.25,1.05,D01
CD,23A,15.4275,10.35,15.4275,10.35,0.25,1.05,D01
CD,22A,15.6775,10.35,15.6775,10.35,0.25,1.05,D01
CD,21A,15.9275,10.35,15.9275,10.35,0.25,1.05,D01
CD,20A,16.1775,10.35,16.1775,10.35,0.25,1.05,D01
CD,19A,16.4275,10.35,16.4275,10.35,0.25,1.05,D01
CD,18A,16.6775,10.35,16.6775,10.35,0.25,1.05,D01
CD,17A,16.9275,10.35,16.9275,10.35,0.25,1.05,D01
CD,16A,17.1775,10.35,17.1775,10.35,0.25,1.05,D01
CD,15A,17.4275,10.35,17.4275,10.35,0.25,1.05,D01
CD,14A,17.6775,10.35,17.6775,10.35,0.25,1.05,D01
CD,13A,17.9275,10.35,17.9275,10.35,0.25,1.05,D01
CD,12A,18.1775,10.35,18.1775,10.35,0.25,1.05,D01
CD,11A,18.4275,10.35,18.4275,10.35,0.25,1.05,D01
CD,10A,18.6775,10.35,18.6775,10.35,0.25,1.05,D01
CD,09A,18.9275,10.35,18.9275,10.35,0.25,1.05,D01
CD,08A,19.1775,10.35,19.1775,10.35,0.25,1.05,D01
CD,07A,19.4275,10.35,19.4275,10.35,0.25,1.05,D01
CD,06A,19.6775,10.35,19.6775,10.35,0.25,1.05,D01
CD,05A,19.9275,10.35,19.9275,10.35,0.25,1.05,D01
CD,04A,20.1775,10.35,20.1775,10.35,0.25,1.05,D01
BD,42A,21.1775,10.35,21.1775,10.35,0.25,1.05,D01
BD,41A,21.4275,10.35,21.4275,10.35,0.25,1.05,D01
BD,40A,21.6775,10.35,21.6775,10.35,0.25,1.05,D01
BD,39A,21.9275,10.35,21.9275,10.35,0.25,1.05,D01
BD,38A,22.1775,10.35,22.1775,10.35,0.25,1.05,D01
BD,37A,22.4275,10.35,22.4275,10.35,0.25,1.05,D01
BD,36A,22.6775,10.35,22.6775,10.35,0.25,1.05,D01
BD,35A,22.9275,10.35,22.9275,10.35,0.25,1.05,D01
BD,34A,23.1775,10.35,23.1775,10.35,0.25,1.05,D01
BD,33A,23.4275,10.35,23.4275,10.35,0.25,1.05,D01
BD,32A,23.6775,10.35,23.6775,10.35,0.25,1.05,D01
BD,31A,23.9275,10.35,23.9275,10.35,0.25,1.05,D01
BD,30A,24.1775,10.35,24.1775,10.35,0.25,1.05,D01
BD,29A,24.4275,10.35,24.4275,10.35,0.25,1.05,D01
BD,28A,24.6775,10.35,24.6775,10.35,0.25,1.05,D01
BD,27A,24.9275,10.35,24.9275,10.35,0.25,1.05,D01
BD,26A,25.1775,10.35,25.1775,10.35,0.25,1.05,D01
BD,25A,25.4275,10.35,25.4275,10.35,0.25,1.05,D01
BD,24A,25.6775,10.35,25.6775,10.35,0.25,1.05,D01
BD,23A,25.9275,10.35,25.9275,10.35,0.25,1.05,D01
BD,22A,26.1775,10.35,26.1775,10.35,0.25,1.05,D01
BD,21A,26.4275,10.35,26.4275,10.35,0.25,1.05,D01
BD,20A,26.6775,10.35,26.6775,10.35,0.25,1.05,D01
BD,19A,26.9275,10.35,26.9275,10.35,0.25,1.05,D01
BD,18A,27.1775,10.35,27.1775,10.35,0.25,1.05,D01
BD,17A,27.4275,10.35,27.4275,10.35,0.25,1.05,D01
BD,16A,27.6775,10.35,27.6775,10.35,0.25,1.05,D01
BD,15A,27.9275,10.35,27.9275,10.35,0.25,1.05,D01
BD,14A,28.1775,10.35,28.1775,10.35,0.25,1.05,D01
BD,13A,28.4275,10.35,28.4275,10.35,0.25,1.05,D01
BD,12A,28.6775,10.35,28.6775,10.35,0.25,1.05,D01
BD,11A,28.9275,10.35,28.9275,10.35,0.25,1.05,D01
BD,10A,29.1775,10.35,29.1775,10.35,0.25,1.05,D01
BD,09A,29.4275,10.35,29.4275,10.35,0.25,1.05,D01
BD,08A,29.6775,10.35,29.6775,10.35,0.25,1.05,D01
BD,07A,29.9275,10.35,29.9275,10.35,0.25,1.05,D01
BD,06A,30.1775,10.35,30.1775,10.35,0.25,1.05,D01
BD,05A,30.4275,10.35,30.4275,10.35,0.25,1.05,D01
BD,04A,30.6775,10.35,30.6775,10.35,0.25,1.05,D01
BD,04B,30.6775,9.3,30.6775,9.3,0.25,1.05,D01
BD,05B,30.4275,9.3,30.4275,9.3,0.25,1.05,D01
BD,06B,30.1775,9.3,30.1775,9.3,0.25,1.05,D01
BD,07B,29.9275,9.3,29.9275,9.3,0.25,1.05,D01
BD,08B,29.6775,9.3,29.6775,9.3,0.25,1.05,D01
BD,09B,29.4275,9.3,29.4275,9.3,0.25,1.05,D01
BD,10B,29.1775,9.3,29.1775,9.3,0.25,1.05,D01
BD,11B,28.9275,9.3,28.9275,9.3,0.25,1.05,D01
BD,12B,28.6775,9.3,28.6775,9.3,0.25,1.05,D01
BD,13B,28.4275,9.3,28.4275,9.3,0.25,1.05,D01
BD,14B,28.1775,9.3,28.1775,9.3,0.25,1.05,D01
BD,15B,27.9275,9.3,27.9275,9.3,0.25,1.05,D01
BD,16B,27.6775,9.3,27.6775,9.3,0.25,1.05,D01
BD,17B,27.4275,9.3,27.4275,9.3,0.25,1.05,D01
BD,18B,27.1775,9.3,27.1775,9.3,0.25,1.05,D01
BD,19B,26.9275,9.3,26.9275,9.3,0.25,1.05,D01
BD,20B,26.6775,9.3,26.6775,9.3,0.25,1.05,D01
BD,21B,26.4275,9.3,26.4275,9.3,0.25,1.05,D01
BD,22B,26.1775,9.3,26.1775,9.3,0.25,1.05,D01
BD,23B,25.9275,9.3,25.9275,9.3,0.25,1.05,D01
BD,24B,25.6775,9.3,25.6775,9.3,0.25,1.05,D01
BD,25B,25.4275,9.3,25.4275,9.3,0.25,1.05,D01
BD,26B,25.1775,9.3,25.1775,9.3,0.25,1.05,D01
BD,27B,24.9275,9.3,24.9275,9.3,0.25,1.05,D01
BD,28B,24.6775,9.3,24.6775,9.3,0.25,1.05,D01
BD,29B,24.4275,9.3,24.4275,9.3,0.25,1.05,D01
BD,30B,24.1775,9.3,24.1775,9.3,0.25,1.05,D01
BD,31B,23.9275,9.3,23.9275,9.3,0.25,1.05,D01
BD,32B,23.6775,9.3,23.6775,9.3,0.25,1.05,D01
BD,33B,23.4275,9.3,23.4275,9.3,0.25,1.05,D01
BD,34B,23.1775,9.3,23.1775,9.3,0.25,1.05,D01
BD,35B,22.9275,9.3,22.9275,9.3,0.25,1.05,D01
BD,36B,22.6775,9.3,22.6775,9.3,0.25,1.05,D01
BD,37B,22.4275,9.3,22.4275,9.3,0.25,1.05,D01
BD,38B,22.1775,9.3,22.1775,9.3,0.25,1.05,D01
BD,39B,21.9275,9.3,21.9275,9.3,0.25,1.05,D01
BD,40B,21.6775,9.3,21.6775,9.3,0.25,1.05,D01
BD,41B,21.4275,9.3,21.4275,9.3,0.25,1.05,D01
BD,42B,21.1775,9.3,21.1775,9.3,0.25,1.05,D01
CD,04B,20.1775,9.3,20.1775,9.3,0.25,1.05,D01
CD,05B,19.9275,9.3,19.9275,9.3,0.25,1.05,D01
CD,06B,19.6775,9.3,19.6775,9.3,0.25,1.05,D01
CD,07B,19.4275,9.3,19.4275,9.3,0.25,1.05,D01
CD,08B,19.1775,9.3,19.1775,9.3,0.25,1.05,D01
CD,09B,18.9275,9.3,18.9275,9.3,0.25,1.05,D01
CD,10B,18.6775,9.3,18.6775,9.3,0.25,1.05,D01
CD,11B,18.4275,9.3,18.4275,9.3,0.25,1.05,D01
CD,12B,18.1775,9.3,18.1775,9.3,0.25,1.05,D01
CD,13B,17.9275,9.3,17.9275,9.3,0.25,1.05,D01
CD,14B,17.6775,9.3,17.6775,9.3,0.25,1.05,D01
CD,15B,17.4275,9.3,17.4275,9.3,0.25,1.05,D01
CD,16B,17.1775,9.3,17.1775,9.3,0.25,1.05,D01
CD,17B,16.9275,9.3,16.9275,9.3,0.25,1.05,D01
CD,18B,16.6775,9.3,16.6775,9.3,0.25,1.05,D01
CD,19B,16.4275,9.3,16.4275,9.3,0.25,1.05,D01
CD,20B,16.1775,9.3,16.1775,9.3,0.25,1.05,D01
CD,21B,15.9275,9.3,15.9275,9.3,0.25,1.05,D01
CD,22B,15.6775,9.3,15.6775,9.3,0.25,1.05,D01
CD,23B,15.4275,9.3,15.4275,9.3,0.25,1.05,D01
CD,24B,15.1775,9.3,15.1775,9.3,0.25,1.05,D01
CD,25B,14.9275,9.3,14.9275,9.3,0.25,1.05,D01
CD,26B,14.6775,9.3,14.6775,9.3,0.25,1.05,D01
CD,27B,14.4275,9.3,14.4275,9.3,0.25,1.05,D01
CD,28B,14.1775,9.3,14.1775,9.3,0.25,1.05,D01
CD,29B,13.9275,9.3,13.9275,9.3,0.25,1.05,D01
CD,30B,13.6775,9.3,13.6775,9.3,0.25,1.05,D01
CD,31B,13.4275,9.3,13.4275,9.3,0.25,1.05,D01
CD,32B,13.1775,9.3,13.1775,9.3,0.25,1.05,D01
CD,33B,12.9275,9.3,12.9275,9.3,0.25,1.05,D01
CD,34B,12.6775,9.3,12.6775,9.3,0.25,1.05,D01
CD,35B,12.4275,9.3,12.4275,9.3,0.25,1.05,D01
CD,36B,12.1775,9.3,12.1775,9.3,0.25,1.05,D01
CD,37B,11.9275,9.3,11.9275,9.3,0.25,1.05,D01
CD,38B,11.6775,9.3,11.6775,9.3,0.25,1.05,D01
CD,39B,11.4275,9.3,11.4275,9.3,0.25,1.05,D01
CD,40B,11.1775,9.3,11.1775,9.3,0.25,1.05,D01
CD,41B,10.9275,9.3,10.9275,9.3,0.25,1.05,D01
CD,42B,10.6775,9.3,10.6775,9.3,0.25,1.05,D01
DD,04B,9.6775,9.3,9.6775,9.3,0.25,1.05,D01
DD,05B,9.4275,9.3,9.4275,9.3,0.25,1.05,D01
DD,06B,9.1775,9.3,9.1775,9.3,0.25,1.05,D01
DD,07B,8.9275,9.3,8.9275,9.3,0.25,1.05,D01
DD,08B,8.6775,9.3,8.6775,9.3,0.25,1.05,D01
DD,09B,8.4275,9.3,8.4275,9.3,0.25,1.05,D01
DD,10B,8.1775,9.3,8.1775,9.3,0.25,1.05,D01
DD,11B,7.9275,9.3,7.9275,9.3,0.25,1.05,D01
DD,12B,7.6775,9.3,7.6775,9.3,0.25,1.05,D01
DD,13B,7.4275,9.3,7.4275,9.3,0.25,1.05,D01
DD,14B,7.1775,9.3,7.1775,9.3,0.25,1.05,D01
DD,15B,6.9275,9.3,6.9275,9.3,0.25,1.05,D01
DD,16B,6.6775,9.3,6.6775,9.3,0.25,1.05,D01
DD,17B,6.4275,9.3,6.4275,9.3,0.25,1.05,D01
DD,18B,6.1775,9.3,6.1775,9.3,0.25,1.05,D01
DD,19B,5.9275,9.3,5.9275,9.3,0.25,1.05,D01
DD,20B,5.6775,9.3,5.6775,9.3,0.25,1.05,D01
DD,21B,5.4275,9.3,5.4275,9.3,0.25,1.05,D01
DD,22B,5.1775,9.3,5.1775,9.3,0.25,1.05,D01
DD,23B,4.9275,9.3,4.9275,9.3,0.25,1.05,D01
DD,24B,4.6775,9.3,4.6775,9.3,0.25,1.05,D01
DD,25B,4.4275,9.3,4.4275,9.3,0.25,1.05,D01
DD,26B,4.1775,9.3,4.1775,9.3,0.25,1.05,D01
DD,27B,3.9275,9.3,3.9275,9.3,0.25,1.05,D01
DD,28B,3.6775,9.3,3.6775,9.3,0.25,1.05,D01
DD,29B,3.4275,9.3,3.4275,9.3,0.25,1.05,D01
DD,30B,3.1775,9.3,3.1775,9.3,0.25,1.05,D01
DD,31B,2.9275,9.3,2.9275,9.3,0.25,1.05,D01
DD,32B,2.6775,9.3,2.6775,9.3,0.25,1.05,D01
DD,33B,2.4275,9.3,2.4275,9.3,0.25,1.05,D01
DD,34B,2.1775,9.3,2.1775,9.3,0.25,1.05,D01
DD,35B,1.9275,9.3,1.9275,9.3,0.25,1.05,D01
DD,36B,1.6775,9.3,1.6775,9.3,0.25,1.05,D01
DD,37B,1.4275,9.3,1.4275,9.3,0.25,1.05,D01
DD,38B,1.1775,9.3,1.1775,9.3,0.25,1.05,D01
DD,39B,0.9275,9.3,0.9275,9.3,0.25,1.05,D01
DD,40B,0.6775,9.3,0.6775,9.3,0.25,1.05,D01
DD,41B,0.4275,9.3,0.4275,9.3,0.25,1.05,D01
DD,42B,0.1775,9.3,0.1775,9.3,0.25,1.05,D01
DD,42C,0.1775,8.25,0.1775,8.25,0.25,1.05,D01
DD,41C,0.4275,8.25,0.4275,8.25,0.25,1.05,D01
DD,40C,0.6775,8.25,0.6775,8.25,0.25,1.05,D01
DD,39C,0.9275,8.25,0.9275,8.25,0.25,1.05,D01
DD,38C,1.1775,8.25,1.1775,8.25,0.25,1.05,D01
DD,37C,1.4275,8.25,1.4275,8.25,0.25,1.05,D01
DD,36C,1.6775,8.25,1.6775,8.25,0.25,1.05,D01
DD,35C,1.9275,8.25,1.9275,8.25,0.25,1.05,D01
DD,34C,2.1775,8.25,2.1775,8.25,0.25,1.05,D01
DD,33C,2.4275,8.25,2.4275,8.25,0.25,1.05,D01
DD,32C,2.6775,8.25,2.6775,8.25,0.25,1.05,D01
DD,31C,2.9275,8.25,2.9275,8.25,0.25,1.05,D01
DD,30C,3.1775,8.25,3.1775,8.25,0.25,1.05,D01
DD,29C,3.4275,8.25,3.4275,8.25,0.25,1.05,D01
DD,28C,3.6775,8.25,3.6775,8.25,0.25,1.05,D01
DD,27C,3.9275,8.25,3.9275,8.25,0.25,1.05,D01
DD,26C,4.1775,8.25,4.1775,8.25,0.25,1.05,D01
DD,25C,4.4275,8.25,4.4275,8.25,0.25,1.05,D01
DD,24C,4.6775,8.25,4.6775,8.25,0.25,1.05,D01
DD,23C,4.9275,8.25,4.9275,8.25,0.25,1.05,D01
DD,22C,5.1775,8.25,5.1775,8.25,0.25,1.05,D01
DD,21C,5.4275,8.25,5.4275,8.25,0.25,1.05,D01
DD,20C,5.6775,8.25,5.6775,8.25,0.25,1.05,D01
DD,19C,5.9275,8.25,5.9275,8.25,0.25,1.05,D01
DD,18C,6.1775,8.25,6.1775,8.25,0.25,1.05,D01
DD,17C,6.4275,8.25,6.4275,8.25,0.25,1.05,D01
DD,16C,6.6775,8.25,6.6775,8.25,0.25,1.05,D01
DD,15C,6.9275,8.25,6.9275,8.25,0.25,1.05,D01
DD,14C,7.1775,8.25,7.1775,8.25,0.25,1.05,D01
DD,13C,7.4275,8.25,7.4275,8.25,0.25,1.05,D01
DD,12C,7.6775,8.25,7.6775,8.25,0.25,1.05,D01
DD,11C,7.9275,8.25,7.9275,8.25,0.25,1.05,D01
DD,10C,8.1775,8.25,8.1775,8.25,0.25,1.05,D01
DD,09C,8.4275,8.25,8.4275,8.25,0.25,1.05,D01
DD,08C,8.6775,8.25,8.6775,8.25,0.25,1.05,D01
DD,07C,8.9275,8.25,8.9275,8.25,0.25,1.05,D01
DD,06C,9.1775,8.25,9.1775,8.25,0.25,1.05,D01
DD,05C,9.4275,8.25,9.4275,8.25,0.25,1.05,D01
DD,04C,9.6775,8.25,9.6775,8.25,0.25,1.05,D01
CD,42C,10.6775,8.25,10.6775,8.25,0.25,1.05,D01
CD,41C,10.9275,8.25,10.9275,8.25,0.25,1.05,D01
CD,40C,11.1775,8.25,11.1775,8.25,0.25,1.05,D01
CD,39C,11.4275,8.25,11.4275,8.25,0.25,1.05,D01
CD,38C,11.6775,8.25,11.6775,8.25,0.25,1.05,D01
CD,37C,11.9275,8.25,11.9275,8.25,0.25,1.05,D01
CD,36C,12.1775,8.25,12.1775,8.25,0.25,1.05,D01
CD,35C,12.4275,8.25,12.4275,8.25,0.25,1.05,D01
CD,34C,12.6775,8.25,12.6775,8.25,0.25,1.05,D01
CD,33C,12.9275,8.25,12.9275,8.25,0.25,1.05,D01
CD,32C,13.1775,8.25,13.1775,8.25,0.25,1.05,D01
CD,31C,13.4275,8.25,13.4275,8.25,0.25,1.05,D01
CD,30C,13.6775,8.25,13.6775,8.25,0.25,1.05,D01
CD,29C,13.9275,8.25,13.9275,8.25,0.25,1.05,D01
CD,28C,14.1775,8.25,14.1775,8.25,0.25,1.05,D01
CD,27C,14.4275,8.25,14.4275,8.25,0.25,1.05,D01
CD,26C,14.6775,8.25,14.6775,8.25,0.25,1.05,D01
CD,25C,14.9275,8.25,14.9275,8.25,0.25,1.05,D01
CD,24C,15.1775,8.25,15.1775,8.25,0.25,1.05,D01
CD,23C,15.4275,8.25,15.4275,8.25,0.25,1.05,D01
CD,22C,15.6775,8.25,15.6775,8.25,0.25,1.05,D01
CD,21C,15.9275,8.25,15.9275,8.25,0.25,1.05,D01
CD,20C,16.1775,8.25,16.1775,8.25,0.25,1.05,D01
CD,19C,16.4275,8.25,16.4275,8.25,0.25,1.05,D01
CD,18C,16.6775,8.25,16.6775,8.25,0.25,1.05,D01
CD,17C,16.9275,8.25,16.9275,8.25,0.25,1.05,D01
CD,16C,17.1775,8.25,17.1775,8.25,0.25,1.05,D01
CD,15C,17.4275,8.25,17.4275,8.25,0.25,1.05,D01
CD,14C,17.6775,8.25,17.6775,8.25,0.25,1.05,D01
CD,13C,17.9275,8.25,17.9275,8.25,0.25,1.05,D01
CD,12C,18.1775,8.25,18.1775,8.25,0.25,1.05,D01
CD,11C,18.4275,8.25,18.4275,8.25,0.25,1.05,D01
CD,10C,18.6775,8.25,18.6775,8.25,0.25,1.05,D01
CD,09C,18.9275,8.25,18.9275,8.25,0.25,1.05,D01
CD,08C,19.1775,8.25,19.1775,8.25,0.25,1.05,D01
CD,07C,19.4275,8.25,19.4275,8.25,0.25,1.05,D01
CD,06C,19.6775,8.25,19.6775,8.25,0.25,1.05,D01
CD,05C,19.9275,8.25,19.9275,8.25,0.25,1.05,D01
CD,04C,20.1775,8.25,20.1775,8.25,0.25,1.05,D01
BD,42C,21.1775,8.25,21.1775,8.25,0.25,1.05,D01
BD,41C,21.4275,8.25,21.4275,8.25,0.25,1.05,D01
BD,40C,21.6775,8.25,21.6775,8.25,0.25,1.05,D01
BD,39C,21.9275,8.25,21.9275,8.25,0.25,1.05,D01
BD,38C,22.1775,8.25,22.1775,8.25,0.25,1.05,D01
BD,37C,22.4275,8.25,22.4275,8.25,0.25,1.05,D01
BD,36C,22.6775,8.25,22.6775,8.25,0.25,1.05,D01
BD,35C,22.9275,8.25,22.9275,8.25,0.25,1.05,D01
BD,34C,23.1775,8.25,23.1775,8.25,0.25,1.05,D01
BD,33C,23.4275,8.25,23.4275,8.25,0.25,1.05,D01
BD,32C,23.6775,8.25,23.6775,8.25,0.25,1.05,D01
BD,31C,23.9275,8.25,23.9275,8.25,0.25,1.05,D01
BD,30C,24.1775,8.25,24.1775,8.25,0.25,1.05,D01
BD,29C,24.4275,8.25,24.4275,8.25,0.25,1.05,D01
BD,28C,24.6775,8.25,24.6775,8.25,0.25,1.05,D01
BD,27C,24.9275,8.25,24.9275,8.25,0.25,1.05,D01
BD,26C,25.1775,8.25,25.1775,8.25,0.25,1.05,D01
BD,25C,25.4275,8.25,25.4275,8.25,0.25,1.05,D01
BD,24C,25.6775,8.25,25.6775,8.25,0.25,1.05,D01
BD,23C,25.9275,8.25,25.9275,8.25,0.25,1.05,D01
BD,22C,26.1775,8.25,26.1775,8.25,0.25,1.05,D01
BD,21C,26.4275,8.25,26.4275,8.25,0.25,1.05,D01
BD,20C,26.6775,8.25,26.6775,8.25,0.25,1.05,D01
BD,19C,26.9275,8.25,26.9275,8.25,0.25,1.05,D01
BD,18C,27.1775,8.25,27.1775,8.25,0.25,1.05,D01
BD,17C,27.4275,8.25,27.4275,8.25,0.25,1.05,D01
BD,16C,27.6775,8.25,27.6775,8.25,0.25,1.05,D01
BD,15C,27.9275,8.25,27.9275,8.25,0.25,1.05,D01
BD,14C,28.1775,8.25,28.1775,8.25,0.25,1.05,D01
BD,13C,28.4275,8.25,28.4275,8.25,0.25,1.05,D01
BD,12C,28.6775,8.25,28.6775,8.25,0.25,1.05,D01
BD,11C,28.9275,8.25,28.9275,8.25,0.25,1.05,D01
BD,10C,29.1775,8.25,29.1775,8.25,0.25,1.05,D01
BD,09C,29.4275,8.25,29.4275,8.25,0.25,1.05,D01
BD,08C,29.6775,8.25,29.6775,8.25,0.25,1.05,D01
BD,07C,29.9275,8.25,29.9275,8.25,0.25,1.05,D01
BD,06C,30.1775,8.25,30.1775,8.25,0.25,1.05,D01
BD,05C,30.4275,8.25,30.4275,8.25,0.25,1.05,D01
BD,04C,30.6775,8.25,30.6775,8.25,0.25,1.05,D01
BD,04D,30.6775,7.2,30.6775,7.2,0.25,1.05,D01
BD,05D,30.4275,7.2,30.4275,7.2,0.25,1.05,D01
BD,06D,30.1775,7.2,30.1775,7.2,0.25,1.05,D01
BD,07D,29.9275,7.2,29.9275,7.2,0.25,1.05,D01
BD,08D,29.6775,7.2,29.6775,7.2,0.25,1.05,D01
BD,09D,29.4275,7.2,29.4275,7.2,0.25,1.05,D01
BD,10D,29.1775,7.2,29.1775,7.2,0.25,1.05,D01
BD,11D,28.9275,7.2,28.9275,7.2,0.25,1.05,D01
BD,12D,28.6775,7.2,28.6775,7.2,0.25,1.05,D01
BD,13D,28.4275,7.2,28.4275,7.2,0.25,1.05,D01
BD,14D,28.1775,7.2,28.1775,7.2,0.25,1.05,D01
BD,15D,27.9275,7.2,27.9275,7.2,0.25,1.05,D01
BD,16D,27.6775,7.2,27.6775,7.2,0.25,1.05,D01
BD,17D,27.4275,7.2,27.4275,7.2,0.25,1.05,D01
BD,18D,27.1775,7.2,27.1775,7.2,0.25,1.05,D01
BD,19D,26.9275,7.2,26.9275,7.2,0.25,1.05,D01
BD,20D,26.6775,7.2,26.6775,7.2,0.25,1.05,D01
BD,21D,26.4275,7.2,26.4275,7.2,0.25,1.05,D01
BD,22D,26.1775,7.2,26.1775,7.2,0.25,1.05,D01
BD,23D,25.9275,7.2,25.9275,7.2,0.25,1.05,D01
BD,24D,25.6775,7.2,25.6775,7.2,0.25,1.05,D01
BD,25D,25.4275,7.2,25.4275,7.2,0.25,1.05,D01
BD,26D,25.1775,7.2,25.1775,7.2,0.25,1.05,D01
BD,27D,24.9275,7.2,24.9275,7.2,0.25,1.05,D01
BD,28D,24.6775,7.2,24.6775,7.2,0.25,1.05,D01
BD,29D,24.4275,7.2,24.4275,7.2,0.25,1.05,D01
BD,30D,24.1775,7.2,24.1775,7.2,0.25,1.05,D01
BD,31D,23.9275,7.2,23.9275,7.2,0.25,1.05,D01
BD,32D,23.6775,7.2,23.6775,7.2,0.25,1.05,D01
BD,33D,23.4275,7.2,23.4275,7.2,0.25,1.05,D01
BD,34D,23.1775,7.2,23.1775,7.2,0.25,1.05,D01
BD,35D,22.9275,7.2,22.9275,7.2,0.25,1.05,D01
BD,36D,22.6775,7.2,22.6775,7.2,0.25,1.05,D01
BD,37D,22.4275,7.2,22.4275,7.2,0.25,1.05,D01
BD,38D,22.1775,7.2,22.1775,7.2,0.25,1.05,D01
BD,39D,21.9275,7.2,21.9275,7.2,0.25,1.05,D01
BD,40D,21.6775,7.2,21.6775,7.2,0.25,1.05,D01
BD,41D,21.4275,7.2,21.4275,7.2,0.25,1.05,D01
BD,42D,21.1775,7.2,21.1775,7.2,0.25,1.05,D01
CD,04D,20.1775,7.2,20.1775,7.2,0.25,1.05,D01
CD,05D,19.9275,7.2,19.9275,7.2,0.25,1.05,D01
CD,06D,19.6775,7.2,19.6775,7.2,0.25,1.05,D01
CD,07D,19.4275,7.2,19.4275,7.2,0.25,1.05,D01
CD,08D,19.1775,7.2,19.1775,7.2,0.25,1.05,D01
CD,09D,18.9275,7.2,18.9275,7.2,0.25,1.05,D01
CD,10D,18.6775,7.2,18.6775,7.2,0.25,1.05,D01
CD,11D,18.4275,7.2,18.4275,7.2,0.25,1.05,D01
CD,12D,18.1775,7.2,18.1775,7.2,0.25,1.05,D01
CD,13D,17.9275,7.2,17.9275,7.2,0.25,1.05,D01
CD,14D,17.6775,7.2,17.6775,7.2,0.25,1.05,D01
CD,15D,17.4275,7.2,17.4275,7.2,0.25,1.05,D01
CD,16D,17.1775,7.2,17.1775,7.2,0.25,1.05,D01
CD,17D,16.9275,7.2,16.9275,7.2,0.25,1.05,D01
CD,18D,16.6775,7.2,16.6775,7.2,0.25,1.05,D01
CD,19D,16.4275,7.2,16.4275,7.2,0.25,1.05,D01
CD,20D,16.1775,7.2,16.1775,7.2,0.25,1.05,D01
CD,21D,15.9275,7.2,15.9275,7.2,0.25,1.05,D01
CD,22D,15.6775,7.2,15.6775,7.2,0.25,1.05,D01
CD,23D,15.4275,7.2,15.4275,7.2,0.25,1.05,D01
CD,24D,15.1775,7.2,15.1775,7.2,0.25,1.05,D01
CD,25D,14.9275,7.2,14.9275,7.2,0.25,1.05,D01
CD,26D,14.6775,7.2,14.6775,7.2,0.25,1.05,D01
CD,27D,14.4275,7.2,14.4275,7.2,0.25,1.05,D01
CD,28D,14.1775,7.2,14.1775,7.2,0.25,1.05,D01
CD,29D,13.9275,7.2,13.9275,7.2,0.25,1.05,D01
CD,30D,13.6775,7.2,13.6775,7.2,0.25,1.05,D01
CD,31D,13.4275,7.2,13.4275,7.2,0.25,1.05,D01
CD,32D,13.1775,7.2,13.1775,7.2,0.25,1.05,D01
CD,33D,12.9275,7.2,12.9275,7.2,0.25,1.05,D01
CD,34D,12.6775,7.2,12.6775,7.2,0.25,1.05,D01
CD,35D,12.4275,7.2,12.4275,7.2,0.25,1.05,D01
CD,36D,12.1775,7.2,12.1775,7.2,0.25,1.05,D01
CD,37D,11.9275,7.2,11.9275,7.2,0.25,1.05,D01
CD,38D,11.6775,7.2,11.6775,7.2,0.25,1.05,D01
CD,39D,11.4275,7.2,11.4275,7.2,0.25,1.05,D01
CD,40D,11.1775,7.2,11.1775,7.2,0.25,1.05,D01
CD,41D,10.9275,7.2,10.9275,7.2,0.25,1.05,D01
CD,42D,10.6775,7.2,10.6775,7.2,0.25,1.05,D01
DD,04D,9.6775,7.2,9.6775,7.2,0.25,1.05,D01
DD,05D,9.4275,7.2,9.4275,7.2,0.25,1.05,D01
DD,06D,9.1775,7.2,9.1775,7.2,0.25,1.05,D01
DD,07D,8.9275,7.2,8.9275,7.2,0.25,1.05,D01
DD,08D,8.6775,7.2,8.6775,7.2,0.25,1.05,D01
DD,09D,8.4275,7.2,8.4275,7.2,0.25,1.05,D01
DD,10D,8.1775,7.2,8.1775,7.2,0.25,1.05,D01
DD,11D,7.9275,7.2,7.9275,7.2,0.25,1.05,D01
DD,12D,7.6775,7.2,7.6775,7.2,0.25,1.05,D01
DD,13D,7.4275,7.2,7.4275,7.2,0.25,1.05,D01
DD,14D,7.1775,7.2,7.1775,7.2,0.25,1.05,D01
DD,15D,6.9275,7.2,6.9275,7.2,0.25,1.05,D01
DD,16D,6.6775,7.2,6.6775,7.2,0.25,1.05,D01
DD,17D,6.4275,7.2,6.4275,7.2,0.25,1.05,D01
DD,18D,6.1775,7.2,6.1775,7.2,0.25,1.05,D01
DD,19D,5.9275,7.2,5.9275,7.2,0.25,1.05,D01
DD,20D,5.6775,7.2,5.6775,7.2,0.25,1.05,D01
DD,21D,5.4275,7.2,5.4275,7.2,0.25,1.05,D01
DD,22D,5.1775,7.2,5.1775,7.2,0.25,1.05,D01
DD,23D,4.9275,7.2,4.9275,7.2,0.25,1.05,D01
DD,24D,4.6775,7.2,4.6775,7.2,0.25,1.05,D01
DD,25D,4.4275,7.2,4.4275,7.2,0.25,1.05,D01
DD,26D,4.1775,7.2,4.1775,7.2,0.25,1.05,D01
DD,27D,3.9275,7.2,3.9275,7.2,0.25,1.05,D01
DD,28D,3.6775,7.2,3.6775,7.2,0.25,1.05,D01
DD,29D,3.4275,7.2,3.4275,7.2,0.25,1.05,D01
DD,30D,3.1775,7.2,3.1775,7.2,0.25,1.05,D01
DD,31D,2.9275,7.2,2.9275,7.2,0.25,1.05,D01
DD,32D,2.6775,7.2,2.6775,7.2,0.25,1.05,D01
DD,33D,2.4275,7.2,2.4275,7.2,0.25,1.05,D01
DD,34D,2.1775,7.2,2.1775,7.2,0.25,1.05,D01
DD,35D,1.9275,7.2,1.9275,7.2,0.25,1.05,D01
DD,36D,1.6775,7.2,1.6775,7.2,0.25,1.05,D01
DD,37D,1.4275,7.2,1.4275,7.2,0.25,1.05,D01
DD,38D,1.1775,7.2,1.1775,7.2,0.25,1.05,D01
DD,39D,0.9275,7.2,0.9275,7.2,0.25,1.05,D01
DD,40D,0.6775,7.2,0.6775,7.2,0.25,1.05,D01
DD,41D,0.4275,7.2,0.4275,7.2,0.25,1.05,D01
DD,42D,0.1775,7.2,0.1775,7.2,0.25,1.05,D01
DD,40E,0.6775,6.15,0.6775,6.15,0.25,1.05,D01
DD,39E,0.9275,6.15,0.9275,6.15,0.25,1.05,D01
DD,38E,1.1775,6.15,1.1775,6.15,0.25,1.05,D01
DD,37E,1.4275,6.15,1.4275,6.15,0.25,1.05,D01
DD,36E,1.6775,6.15,1.6775,6.15,0.25,1.05,D01
DD,35E,1.9275,6.15,1.9275,6.15,0.25,1.05,D01
DD,34E,2.1775,6.15,2.1775,6.15,0.25,1.05,D01
DD,33E,2.4275,6.15,2.4275,6.15,0.25,1.05,D01
DD,32E,2.6775,6.15,2.6775,6.15,0.25,1.05,D01
DD,31E,2.9275,6.15,2.9275,6.15,0.25,1.05,D01
DD,28E,3.6775,6.15,3.6775,6.15,0.25,1.05,D01
DD,27E,3.9275,6.15,3.9275,6.15,0.25,1.05,D01
DD,26E,4.1775,6.15,4.1775,6.15,0.25,1.05,D01
DD,25E,4.4275,6.15,4.4275,6.15,0.25,1.05,D01
DD,24E,4.6775,6.15,4.6775,6.15,0.25,1.05,D01
DD,23E,4.9275,6.15,4.9275,6.15,0.25,1.05,D01
DD,22E,5.1775,6.15,5.1775,6.15,0.25,1.05,D01
DD,21E,5.4275,6.15,5.4275,6.15,0.25,1.05,D01
DD,20E,5.6775,6.15,5.6775,6.15,0.25,1.05,D01
DD,19E,5.9275,6.15,5.9275,6.15,0.25,1.05,D01
DD,16E,6.6775,6.15,6.6775,6.15,0.25,1.05,D01
DD,15E,6.9275,6.15,6.9275,6.15,0.25,1.05,D01
DD,14E,7.1775,6.15,7.1775,6.15,0.25,1.05,D01
DD,13E,7.4275,6.15,7.4275,6.15,0.25,1.05,D01
DD,12E,7.6775,6.15,7.6775,6.15,0.25,1.05,D01
DD,11E,7.9275,6.15,7.9275,6.15,0.25,1.05,D01
CD,40E,11.1775,6.15,11.1775,6.15,0.25,1.05,D01
CD,39E,11.4275,6.15,11.4275,6.15,0.25,1.05,D01
CD,38E,11.6775,6.15,11.6775,6.15,0.25,1.05,D01
CD,37E,11.9275,6.15,11.9275,6.15,0.25,1.05,D01
CD,36E,12.1775,6.15,12.1775,6.15,0.25,1.05,D01
CD,35E,12.4275,6.15,12.4275,6.15,0.25,1.05,D01
CD,34E,12.6775,6.15,12.6775,6.15,0.25,1.05,D01
CD,33E,12.9275,6.15,12.9275,6.15,0.25,1.05,D01
CD,32E,13.1775,6.15,13.1775,6.15,0.25,1.05,D01
CD,31E,13.4275,6.15,13.4275,6.15,0.25,1.05,D01
CD,28E,14.1775,6.15,14.1775,6.15,0.25,1.05,D01
CD,27E,14.4275,6.15,14.4275,6.15,0.25,1.05,D01
CD,26E,14.6775,6.15,14.6775,6.15,0.25,1.05,D01
CD,25E,14.9275,6.15,14.9275,6.15,0.25,1.05,D01
CD,24E,15.1775,6.15,15.1775,6.15,0.25,1.05,D01
CD,23E,15.4275,6.15,15.4275,6.15,0.25,1.05,D01
CD,22E,15.6775,6.15,15.6775,6.15,0.25,1.05,D01
CD,21E,15.9275,6.15,15.9275,6.15,0.25,1.05,D01
CD,20E,16.1775,6.15,16.1775,6.15,0.25,1.05,D01
CD,19E,16.4275,6.15,16.4275,6.15,0.25,1.05,D01
CD,16E,17.1775,6.15,17.1775,6.15,0.25,1.05,D01
CD,15E,17.4275,6.15,17.4275,6.15,0.25,1.05,D01
CD,14E,17.6775,6.15,17.6775,6.15,0.25,1.05,D01
CD,13E,17.9275,6.15,17.9275,6.15,0.25,1.05,D01
CD,12E,18.1775,6.15,18.1775,6.15,0.25,1.05,D01
CD,11E,18.4275,6.15,18.4275,6.15,0.25,1.05,D01
BD,40E,21.6775,6.15,21.6775,6.15,0.25,1.05,D01
BD,39E,21.9275,6.15,21.9275,6.15,0.25,1.05,D01
BD,38E,22.1775,6.15,22.1775,6.15,0.25,1.05,D01
BD,37E,22.4275,6.15,22.4275,6.15,0.25,1.05,D01
BD,36E,22.6775,6.15,22.6775,6.15,0.25,1.05,D01
BD,35E,22.9275,6.15,22.9275,6.15,0.25,1.05,D01
BD,34E,23.1775,6.15,23.1775,6.15,0.25,1.05,D01
BD,33E,23.4275,6.15,23.4275,6.15,0.25,1.05,D01
BD,32E,23.6775,6.15,23.6775,6.15,0.25,1.05,D01
BD,31E,23.9275,6.15,23.9275,6.15,0.25,1.05,D01
BD,28E,24.6775,6.15,24.6775,6.15,0.25,1.05,D01
BD,27E,24.9275,6.15,24.9275,6.15,0.25,1.05,D01
BD,26E,25.1775,6.15,25.1775,6.15,0.25,1.05,D01
BD,25E,25.4275,6.15,25.4275,6.15,0.25,1.05,D01
BD,24E,25.6775,6.15,25.6775,6.15,0.25,1.05,D01
BD,23E,25.9275,6.15,25.9275,6.15,0.25,1.05,D01
BD,22E,26.1775,6.15,26.1775,6.15,0.25,1.05,D01
BD,21E,26.4275,6.15,26.4275,6.15,0.25,1.05,D01
BD,20E,26.6775,6.15,26.6775,6.15,0.25,1.05,D01
BD,19E,26.9275,6.15,26.9275,6.15,0.25,1.05,D01
BD,16E,27.6775,6.15,27.6775,6.15,0.25,1.05,D01
BD,15E,27.9275,6.15,27.9275,6.15,0.25,1.05,D01
BD,14E,28.1775,6.15,28.1775,6.15,0.25,1.05,D01
BD,13E,28.4275,6.15,28.4275,6.15,0.25,1.05,D01
BD,12E,28.6775,6.15,28.6775,6.15,0.25,1.05,D01
BD,11E,28.9275,6.15,28.9275,6.15,0.25,1.05,D01
BD,11F,28.9275,5.1,28.9275,5.1,0.25,1.05,D01
BD,12F,28.6775,5.1,28.6775,5.1,0.25,1.05,D01
BD,13F,28.4275,5.1,28.4275,5.1,0.25,1.05,D01
BD,14F,28.1775,5.1,28.1775,5.1,0.25,1.05,D01
BD,15F,27.9275,5.1,27.9275,5.1,0.25,1.05,D01
BD,16F,27.6775,5.1,27.6775,5.1,0.25,1.05,D01
BD,19F,26.9275,5.1,26.9275,5.1,0.25,1.05,D01
BD,20F,26.6775,5.1,26.6775,5.1,0.25,1.05,D01
BD,21F,26.4275,5.1,26.4275,5.1,0.25,1.05,D01
BD,22F,26.1775,5.1,26.1775,5.1,0.25,1.05,D01
BD,23F,25.9275,5.1,25.9275,5.1,0.25,1.05,D01
BD,24F,25.6775,5.1,25.6775,5.1,0.25,1.05,D01
BD,25F,25.4275,5.1,25.4275,5.1,0.25,1.05,D01
BD,26F,25.1775,5.1,25.1775,5.1,0.25,1.05,D01
BD,27F,24.9275,5.1,24.9275,5.1,0.25,1.05,D01
BD,28F,24.6775,5.1,24.6775,5.1,0.25,1.05,D01
BD,31F,23.9275,5.1,23.9275,5.1,0.25,1.05,D01
BD,32F,23.6775,5.1,23.6775,5.1,0.25,1.05,D01
BD,33F,23.4275,5.1,23.4275,5.1,0.25,1.05,D01
BD,34F,23.1775,5.1,23.1775,5.1,0.25,1.05,D01
BD,35F,22.9275,5.1,22.9275,5.1,0.25,1.05,D01
BD,36F,22.6775,5.1,22.6775,5.1,0.25,1.05,D01
BD,37F,22.4275,5.1,22.4275,5.1,0.25,1.05,D01
BD,38F,22.1775,5.1,22.1775,5.1,0.25,1.05,D01
BD,39F,21.9275,5.1,21.9275,5.1,0.25,1.05,D01
BD,40F,21.6775,5.1,21.6775,5.1,0.25,1.05,D01
CD,11F,18.4275,5.1,18.4275,5.1,0.25,1.05,D01
CD,12F,18.1775,5.1,18.1775,5.1,0.25,1.05,D01
CD,13F,17.9275,5.1,17.9275,5.1,0.25,1.05,D01
CD,14F,17.6775,5.1,17.6775,5.1,0.25,1.05,D01
CD,15F,17.4275,5.1,17.4275,5.1,0.25,1.05,D01
CD,16F,17.1775,5.1,17.1775,5.1,0.25,1.05,D01
CD,19F,16.4275,5.1,16.4275,5.1,0.25,1.05,D01
CD,20F,16.1775,5.1,16.1775,5.1,0.25,1.05,D01
CD,21F,15.9275,5.1,15.9275,5.1,0.25,1.05,D01
CD,22F,15.6775,5.1,15.6775,5.1,0.25,1.05,D01
CD,23F,15.4275,5.1,15.4275,5.1,0.25,1.05,D01
CD,24F,15.1775,5.1,15.1775,5.1,0.25,1.05,D01
CD,25F,14.9275,5.1,14.9275,5.1,0.25,1.05,D01
CD,26F,14.6775,5.1,14.6775,5.1,0.25,1.05,D01
CD,27F,14.4275,5.1,14.4275,5.1,0.25,1.05,D01
CD,28F,14.1775,5.1,14.1775,5.1,0.25,1.05,D01
CD,31F,13.4275,5.1,13.4275,5.1,0.25,1.05,D01
CD,32F,13.1775,5.1,13.1775,5.1,0.25,1.05,D01
CD,33F,12.9275,5.1,12.9275,5.1,0.25,1.05,D01
CD,34F,12.6775,5.1,12.6775,5.1,0.25,1.05,D01
CD,35F,12.4275,5.1,12.4275,5.1,0.25,1.05,D01
CD,36F,12.1775,5.1,12.1775,5.1,0.25,1.05,D01
CD,37F,11.9275,5.1,11.9275,5.1,0.25,1.05,D01
CD,38F,11.6775,5.1,11.6775,5.1,0.25,1.05,D01
CD,39F,11.4275,5.1,11.4275,5.1,0.25,1.05,D01
CD,40F,11.1775,5.1,11.1775,5.1,0.25,1.05,D01
DD,11F,7.9275,5.1,7.9275,5.1,0.25,1.05,D01
DD,12F,7.6775,5.1,7.6775,5.1,0.25,1.05,D01
DD,13F,7.4275,5.1,7.4275,5.1,0.25,1.05,D01
DD,14F,7.1775,5.1,7.1775,5.1,0.25,1.05,D01
DD,15F,6.9275,5.1,6.9275,5.1,0.25,1.05,D01
DD,16F,6.6775,5.1,6.6775,5.1,0.25,1.05,D01
DD,19F,5.9275,5.1,5.9275,5.1,0.25,1.05,D01
DD,20F,5.6775,5.1,5.6775,5.1,0.25,1.05,D01
DD,21F,5.4275,5.1,5.4275,5.1,0.25,1.05,D01
DD,22F,5.1775,5.1,5.1775,5.1,0.25,1.05,D01
DD,23F,4.9275,5.1,4.9275,5.1,0.25,1.05,D01
DD,24F,4.6775,5.1,4.6775,5.1,0.25,1.05,D01
DD,25F,4.4275,5.1,4.4275,5.1,0.25,1.05,D01
DD,26F,4.1775,5.1,4.1775,5.1,0.25,1.05,D01
DD,27F,3.9275,5.1,3.9275,5.1,0.25,1.05,D01
DD,28F,3.6775,5.1,3.6775,5.1,0.25,1.05,D01
DD,31F,2.9275,5.1,2.9275,5.1,0.25,1.05,D01
DD,32F,2.6775,5.1,2.6775,5.1,0.25,1.05,D01
DD,33F,2.4275,5.1,2.4275,5.1,0.25,1.05,D01
DD,34F,2.1775,5.1,2.1775,5.1,0.25,1.05,D01
DD,35F,1.9275,5.1,1.9275,5.1,0.25,1.05,D01
DD,36F,1.6775,5.1,1.6775,5.1,0.25,1.05,D01
DD,37F,1.4275,5.1,1.4275,5.1,0.25,1.05,D01
DD,38F,1.1775,5.1,1.1775,5.1,0.25,1.05,D01
DD,39F,0.9275,5.1,0.9275,5.1,0.25,1.05,D01
DD,40F,0.6775,5.1,0.6775,5.1,0.25,1.05,D01
DD,40G,0.6775,4.05,0.6775,4.05,0.25,1.05,D01
DD,39G,0.9275,4.05,0.9275,4.05,0.25,1.05,D01
DD,38G,1.1775,4.05,1.1775,4.05,0.25,1.05,D01
DD,37G,1.4275,4.05,1.4275,4.05,0.25,1.05,D01
DD,36G,1.6775,4.05,1.6775,4.05,0.25,1.05,D01
DD,35G,1.9275,4.05,1.9275,4.05,0.25,1.05,D01
DD,34G,2.1775,4.05,2.1775,4.05,0.25,1.05,D01
DD,33G,2.4275,4.05,2.4275,4.05,0.25,1.05,D01
DD,32G,2.6775,4.05,2.6775,4.05,0.25,1.05,D01
DD,31G,2.9275,4.05,2.9275,4.05,0.25,1.05,D01
DD,28G,3.6775,4.05,3.6775,4.05,0.25,1.05,D01
DD,27G,3.9275,4.05,3.9275,4.05,0.25,1.05,D01
DD,26G,4.1775,4.05,4.1775,4.05,0.25,1.05,D01
DD,25G,4.4275,4.05,4.4275,4.05,0.25,1.05,D01
DD,24G,4.6775,4.05,4.6775,4.05,0.25,1.05,D01
DD,23G,4.9275,4.05,4.9275,4.05,0.25,1.05,D01
DD,22G,5.1775,4.05,5.1775,4.05,0.25,1.05,D01
DD,21G,5.4275,4.05,5.4275,4.05,0.25,1.05,D01
DD,20G,5.6775,4.05,5.6775,4.05,0.25,1.05,D01
DD,19G,5.9275,4.05,5.9275,4.05,0.25,1.05,D01
DD,16G,6.6775,4.05,6.6775,4.05,0.25,1.05,D01
DD,15G,6.9275,4.05,6.9275,4.05,0.25,1.05,D01
DD,14G,7.1775,4.05,7.1775,4.05,0.25,1.05,D01
DD,13G,7.4275,4.05,7.4275,4.05,0.25,1.05,D01
DD,12G,7.6775,4.05,7.6775,4.05,0.25,1.05,D01
DD,11G,7.9275,4.05,7.9275,4.05,0.25,1.05,D01
CD,40G,11.1775,4.05,11.1775,4.05,0.25,1.05,D01
CD,39G,11.4275,4.05,11.4275,4.05,0.25,1.05,D01
CD,38G,11.6775,4.05,11.6775,4.05,0.25,1.05,D01
CD,37G,11.9275,4.05,11.9275,4.05,0.25,1.05,D01
CD,36G,12.1775,4.05,12.1775,4.05,0.25,1.05,D01
CD,35G,12.4275,4.05,12.4275,4.05,0.25,1.05,D01
CD,34G,12.6775,4.05,12.6775,4.05,0.25,1.05,D01
CD,33G,12.9275,4.05,12.9275,4.05,0.25,1.05,D01
CD,32G,13.1775,4.05,13.1775,4.05,0.25,1.05,D01
CD,31G,13.4275,4.05,13.4275,4.05,0.25,1.05,D01
CD,28G,14.1775,4.05,14.1775,4.05,0.25,1.05,D01
CD,27G,14.4275,4.05,14.4275,4.05,0.25,1.05,D01
CD,26G,14.6775,4.05,14.6775,4.05,0.25,1.05,D01
CD,25G,14.9275,4.05,14.9275,4.05,0.25,1.05,D01
CD,24G,15.1775,4.05,15.1775,4.05,0.25,1.05,D01
CD,23G,15.4275,4.05,15.4275,4.05,0.25,1.05,D01
CD,22G,15.6775,4.05,15.6775,4.05,0.25,1.05,D01
CD,21G,15.9275,4.05,15.9275,4.05,0.25,1.05,D01
CD,20G,16.1775,4.05,16.1775,4.05,0.25,1.05,D01
CD,19G,16.4275,4.05,16.4275,4.05,0.25,1.05,D01
CD,16G,17.1775,4.05,17.1775,4.05,0.25,1.05,D01
CD,15G,17.4275,4.05,17.4275,4.05,0.25,1.05,D01
CD,14G,17.6775,4.05,17.6775,4.05,0.25,1.05,D01
CD,13G,17.9275,4.05,17.9275,4.05,0.25,1.05,D01
CD,12G,18.1775,4.05,18.1775,4.05,0.25,1.05,D01
CD,11G,18.4275,4.05,18.4275,4.05,0.25,1.05,D01
BD,40G,21.6775,4.05,21.6775,4.05,0.25,1.05,D01
BD,39G,21.9275,4.05,21.9275,4.05,0.25,1.05,D01
BD,38G,22.1775,4.05,22.1775,4.05,0.25,1.05,D01
BD,37G,22.4275,4.05,22.4275,4.05,0.25,1.05,D01
BD,36G,22.6775,4.05,22.6775,4.05,0.25,1.05,D01
BD,35G,22.9275,4.05,22.9275,4.05,0.25,1.05,D01
BD,34G,23.1775,4.05,23.1775,4.05,0.25,1.05,D01
BD,33G,23.4275,4.05,23.4275,4.05,0.25,1.05,D01
BD,32G,23.6775,4.05,23.6775,4.05,0.25,1.05,D01
BD,31G,23.9275,4.05,23.9275,4.05,0.25,1.05,D01
BD,28G,24.6775,4.05,24.6775,4.05,0.25,1.05,D01
BD,27G,24.9275,4.05,24.9275,4.05,0.25,1.05,D01
BD,26G,25.1775,4.05,25.1775,4.05,0.25,1.05,D01
BD,25G,25.4275,4.05,25.4275,4.05,0.25,1.05,D01
BD,24G,25.6775,4.05,25.6775,4.05,0.25,1.05,D01
BD,23G,25.9275,4.05,25.9275,4.05,0.25,1.05,D01
BD,22G,26.1775,4.05,26.1775,4.05,0.25,1.05,D01
BD,21G,26.4275,4.05,26.4275,4.05,0.25,1.05,D01
BD,20G,26.6775,4.05,26.6775,4.05,0.25,1.05,D01
BD,19G,26.9275,4.05,26.9275,4.05,0.25,1.05,D01
BD,16G,27.6775,4.05,27.6775,4.05,0.25,1.05,D01
BD,15G,27.9275,4.05,27.9275,4.05,0.25,1.05,D01
BD,14G,28.1775,4.05,28.1775,4.05,0.25,1.05,D01
BD,13G,28.4275,4.05,28.4275,4.05,0.25,1.05,D01
BD,12G,28.6775,4.05,28.6775,4.05,0.25,1.05,D01
BD,11G,28.9275,4.05,28.9275,4.05,0.25,1.05,D01
BD,11H,28.9275,3.0,28.9275,3.0,0.25,1.05,D01
BD,12H,28.6775,3.0,28.6775,3.0,0.25,1.05,D01
BD,13H,28.4275,3.0,28.4275,3.0,0.25,1.05,D01
BD,14H,28.1775,3.0,28.1775,3.0,0.25,1.05,D01
BD,15H,27.9275,3.0,27.9275,3.0,0.25,1.05,D01
BD,16H,27.6775,3.0,27.6775,3.0,0.25,1.05,D01
BD,19H,26.9275,3.0,26.9275,3.0,0.25,1.05,D01
BD,20H,26.6775,3.0,26.6775,3.0,0.25,1.05,D01
BD,21H,26.4275,3.0,26.4275,3.0,0.25,1.05,D01
BD,22H,26.1775,3.0,26.1775,3.0,0.25,1.05,D01
BD,23H,25.9275,3.0,25.9275,3.0,0.25,1.05,D01
BD,24H,25.6775,3.0,25.6775,3.0,0.25,1.05,D01
BD,25H,25.4275,3.0,25.4275,3.0,0.25,1.05,D01
BD,26H,25.1775,3.0,25.1775,3.0,0.25,1.05,D01
BD,27H,24.9275,3.0,24.9275,3.0,0.25,1.05,D01
BD,28H,24.6775,3.0,24.6775,3.0,0.25,1.05,D01
BD,31H,23.9275,3.0,23.9275,3.0,0.25,1.05,D01
BD,32H,23.6775,3.0,23.6775,3.0,0.25,1.05,D01
BD,33H,23.4275,3.0,23.4275,3.0,0.25,1.05,D01
BD,34H,23.1775,3.0,23.1775,3.0,0.25,1.05,D01
BD,35H,22.9275,3.0,22.9275,3.0,0.25,1.05,D01
BD,36H,22.6775,3.0,22.6775,3.0,0.25,1.05,D01
BD,37H,22.4275,3.0,22.4275,3.0,0.25,1.05,D01
BD,38H,22.1775,3.0,22.1775,3.0,0.25,1.05,D01
BD,39H,21.9275,3.0,21.9275,3.0,0.25,1.05,D01
BD,40H,21.6775,3.0,21.6775,3.0,0.25,1.05,D01
CD,11H,18.4275,3.0,18.4275,3.0,0.25,1.05,D01
CD,12H,18.1775,3.0,18.1775,3.0,0.25,1.05,D01
CD,13H,17.9275,3.0,17.9275,3.0,0.25,1.05,D01
CD,14H,17.6775,3.0,17.6775,3.0,0.25,1.05,D01
CD,15H,17.4275,3.0,17.4275,3.0,0.25,1.05,D01
CD,16H,17.1775,3.0,17.1775,3.0,0.25,1.05,D01
CD,19H,16.4275,3.0,16.4275,3.0,0.25,1.05,D01
CD,20H,16.1775,3.0,16.1775,3.0,0.25,1.05,D01
CD,21H,15.9275,3.0,15.9275,3.0,0.25,1.05,D01
CD,22H,15.6775,3.0,15.6775,3.0,0.25,1.05,D01
CD,23H,15.4275,3.0,15.4275,3.0,0.25,1.05,D01
CD,24H,15.1775,3.0,15.1775,3.0,0.25,1.05,D01
CD,25H,14.9275,3.0,14.9275,3.0,0.25,1.05,D01
CD,26H,14.6775,3.0,14.6775,3.0,0.25,1.05,D01
CD,27H,14.4275,3.0,14.4275,3.0,0.25,1.05,D01
CD,28H,14.1775,3.0,14.1775,3.0,0.25,1.05,D01
CD,31H,13.4275,3.0,13.4275,3.0,0.25,1.05,D01
CD,32H,13.1775,3.0,13.1775,3.0,0.25,1.05,D01
CD,33H,12.9275,3.0,12.9275,3.0,0.25,1.05,D01
CD,34H,12.6775,3.0,12.6775,3.0,0.25,1.05,D01
CD,35H,12.4275,3.0,12.4275,3.0,0.25,1.05,D01
CD,36H,12.1775,3.0,12.1775,3.0,0.25,1.05,D01
CD,37H,11.9275,3.0,11.9275,3.0,0.25,1.05,D01
CD,38H,11.6775,3.0,11.6775,3.0,0.25,1.05,D01
CD,39H,11.4275,3.0,11.4275,3.0,0.25,1.05,D01
CD,40H,11.1775,3.0,11.1775,3.0,0.25,1.05,D01
DD,11H,7.9275,3.0,7.9275,3.0,0.25,1.05,D01
DD,12H,7.6775,3.0,7.6775,3.0,0.25,1.05,D01
DD,13H,7.4275,3.0,7.4275,3.0,0.25,1.05,D01
DD,14H,7.1775,3.0,7.1775,3.0,0.25,1.05,D01
DD,15H,6.9275,3.0,6.9275,3.0,0.25,1.05,D01
DD,16H,6.6775,3.0,6.6775,3.0,0.25,1.05,D01
DD,19H,5.9275,3.0,5.9275,3.0,0.25,1.05,D01
DD,20H,5.6775,3.0,5.6775,3.0,0.25,1.05,D01
DD,21H,5.4275,3.0,5.4275,3.0,0.25,1.05,D01
DD,22H,5.1775,3.0,5.1775,3.0,0.25,1.05,D01
DD,23H,4.9275,3.0,4.9275,3.0,0.25,1.05,D01
DD,24H,4.6775,3.0,4.6775,3.0,0.25,1.05,D01
DD,25H,4.4275,3.0,4.4275,3.0,0.25,1.05,D01
DD,26H,4.1775,3.0,4.1775,3.0,0.25,1.05,D01
DD,27H,3.9275,3.0,3.9275,3.0,0.25,1.05,D01
DD,28H,3.6775,3.0,3.6775,3.0,0.25,1.05,D01
DD,31H,2.9275,3.0,2.9275,3.0,0.25,1.05,D01
DD,32H,2.6775,3.0,2.6775,3.0,0.25,1.05,D01
DD,33H,2.4275,3.0,2.4275,3.0,0.25,1.05,D01
DD,34H,2.1775,3.0,2.1775,3.0,0.25,1.05,D01
DD,35H,1.9275,3.0,1.9275,3.0,0.25,1.05,D01
DD,36H,1.6775,3.0,1.6775,3.0,0.25,1.05,D01
DD,37H,1.4275,3.0,1.4275,3.0,0.25,1.05,D01
DD,38H,1.1775,3.0,1.1775,3.0,0.25,1.05,D01
DD,39H,0.9275,3.0,0.9275,3.0,0.25,1.05,D01
DD,40H,0.6775,3.0,0.6775,3.0,0.25,1.05,D01
DD,40I,0.6775,1.95,0.6775,1.95,0.25,1.05,D01
DD,39I,0.9275,1.95,0.9275,1.95,0.25,1.05,D01
DD,38I,1.1775,1.95,1.1775,1.95,0.25,1.05,D01
DD,37I,1.4275,1.95,1.4275,1.95,0.25,1.05,D01
DD,36I,1.6775,1.95,1.6775,1.95,0.25,1.05,D01
DD,35I,1.9275,1.95,1.9275,1.95,0.25,1.05,D01
DD,34I,2.1775,1.95,2.1775,1.95,0.25,1.05,D01
DD,33I,2.4275,1.95,2.4275,1.95,0.25,1.05,D01
DD,32I,2.6775,1.95,2.6775,1.95,0.25,1.05,D01
DD,31I,2.9275,1.95,2.9275,1.95,0.25,1.05,D01
DD,28I,3.6775,1.95,3.6775,1.95,0.25,1.05,D01
DD,27I,3.9275,1.95,3.9275,1.95,0.25,1.05,D01
DD,26I,4.1775,1.95,4.1775,1.95,0.25,1.05,D01
DD,25I,4.4275,1.95,4.4275,1.95,0.25,1.05,D01
DD,24I,4.6775,1.95,4.6775,1.95,0.25,1.05,D01
DD,23I,4.9275,1.95,4.9275,1.95,0.25,1.05,D01
DD,22I,5.1775,1.95,5.1775,1.95,0.25,1.05,D01
DD,21I,5.4275,1.95,5.4275,1.95,0.25,1.05,D01
DD,20I,5.6775,1.95,5.6775,1.95,0.25,1.05,D01
DD,19I,5.9275,1.95,5.9275,1.95,0.25,1.05,D01
DD,16I,6.6775,1.95,6.6775,1.95,0.25,1.05,D01
DD,15I,6.9275,1.95,6.9275,1.95,0.25,1.05,D01
DD,14I,7.1775,1.95,7.1775,1.95,0.25,1.05,D01
DD,13I,7.4275,1.95,7.4275,1.95,0.25,1.05,D01
DD,12I,7.6775,1.95,7.6775,1.95,0.25,1.05,D01
DD,11I,7.9275,1.95,7.9275,1.95,0.25,1.05,D01
CD,40I,11.1775,1.95,11.1775,1.95,0.25,1.05,D01
CD,39I,11.4275,1.95,11.4275,1.95,0.25,1.05,D01
CD,38I,11.6775,1.95,11.6775,1.95,0.25,1.05,D01
CD,37I,11.9275,1.95,11.9275,1.95,0.25,1.05,D01
CD,36I,12.1775,1.95,12.1775,1.95,0.25,1.05,D01
CD,35I,12.4275,1.95,12.4275,1.95,0.25,1.05,D01
CD,34I,12.6775,1.95,12.6775,1.95,0.25,1.05,D01
CD,33I,12.9275,1.95,12.9275,1.95,0.25,1.05,D01
CD,32I,13.1775,1.95,13.1775,1.95,0.25,1.05,D01
CD,31I,13.4275,1.95,13.4275,1.95,0.25,1.05,D01
CD,28I,14.1775,1.95,14.1775,1.95,0.25,1.05,D01
CD,27I,14.4275,1.95,14.4275,1.95,0.25,1.05,D01
CD,26I,14.6775,1.95,14.6775,1.95,0.25,1.05,D01
CD,25I,14.9275,1.95,14.9275,1.95,0.25,1.05,D01
CD,24I,15.1775,1.95,15.1775,1.95,0.25,1.05,D01
CD,23I,15.4275,1.95,15.4275,1.95,0.25,1.05,D01
CD,22I,15.6775,1.95,15.6775,1.95,0.25,1.05,D01
CD,21I,15.9275,1.95,15.9275,1.95,0.25,1.05,D01
CD,20I,16.1775,1.95,16.1775,1.95,0.25,1.05,D01
CD,19I,16.4275,1.95,16.4275,1.95,0.25,1.05,D01
CD,16I,17.1775,1.95,17.1775,1.95,0.25,1.05,D01
CD,15I,17.4275,1.95,17.4275,1.95,0.25,1.05,D01
CD,14I,17.6775,1.95,17.6775,1.95,0.25,1.05,D01
CD,13I,17.9275,1.95,17.9275,1.95,0.25,1.05,D01
CD,12I,18.1775,1.95,18.1775,1.95,0.25,1.05,D01
CD,11I,18.4275,1.95,18.4275,1.95,0.25,1.05,D01
BD,40I,21.6775,1.95,21.6775,1.95,0.25,1.05,D01
BD,39I,21.9275,1.95,21.9275,1.95,0.25,1.05,D01
BD,38I,22.1775,1.95,22.1775,1.95,0.25,1.05,D01
BD,37I,22.4275,1.95,22.4275,1.95,0.25,1.05,D01
BD,36I,22.6775,1.95,22.6775,1.95,0.25,1.05,D01
BD,35I,22.9275,1.95,22.9275,1.95,0.25,1.05,D01
BD,34I,23.1775,1.95,23.1775,1.95,0.25,1.05,D01
BD,33I,23.4275,1.95,23.4275,1.95,0.25,1.05,D01
BD,32I,23.6775,1.95,23.6775,1.95,0.25,1.05,D01
BD,31I,23.9275,1.95,23.9275,1.95,0.25,1.05,D01
BD,28I,24.6775,1.95,24.6775,1.95,0.25,1.05,D01
BD,27I,24.9275,1.95,24.9275,1.95,0.25,1.05,D01
BD,26I,25.1775,1.95,25.1775,1.95,0.25,1.05,D01
BD,25I,25.4275,1.95,25.4275,1.95,0.25,1.05,D01
BD,24I,25.6775,1.95,25.6775,1.95,0.25,1.05,D01
BD,23I,25.9275,1.95,25.9275,1.95,0.25,1.05,D01
BD,22I,26.1775,1.95,26.1775,1.95,0.25,1.05,D01
BD,21I,26.4275,1.95,26.4275,1.95,0.25,1.05,D01
BD,20I,26.6775,1.95,26.6775,1.95,0.25,1.05,D01
BD,19I,26.9275,1.95,26.9275,1.95,0.25,1.05,D01
BD,16I,27.6775,1.95,27.6775,1.95,0.25,1.05,D01
BD,15I,27.9275,1.95,27.9275,1.95,0.25,1.05,D01
BD,14I,28.1775,1.95,28.1775,1.95,0.25,1.05,D01
BD,13I,28.4275,1.95,28.4275,1.95,0.25,1.05,D01
BD,12I,28.6775,1.95,28.6775,1.95,0.25,1.05,D01
BD,11I,28.9275,1.95,28.9275,1.95,0.25,1.05,D01
BD,11J,28.9275,0.9,28.9275,0.9,0.25,1.05,D01
BD,12J,28.6775,0.9,28.6775,0.9,0.25,1.05,D01
BD,13J,28.4275,0.9,28.4275,0.9,0.25,1.05,D01
BD,14J,28.1775,0.9,28.1775,0.9,0.25,1.05,D01
BD,15J,27.9275,0.9,27.9275,0.9,0.25,1.05,D01
BD,16J,27.6775,0.9,27.6775,0.9,0.25,1.05,D01
BD,19J,26.9275,0.9,26.9275,0.9,0.25,1.05,D01
BD,20J,26.6775,0.9,26.6775,0.9,0.25,1.05,D01
BD,21J,26.4275,0.9,26.4275,0.9,0.25,1.05,D01
BD,22J,26.1775,0.9,26.1775,0.9,0.25,1.05,D01
BD,23J,25.9275,0.9,25.9275,0.9,0.25,1.05,D01
BD,24J,25.6775,0.9,25.6775,0.9,0.25,1.05,D01
BD,25J,25.4275,0.9,25.4275,0.9,0.25,1.05,D01
BD,26J,25.1775,0.9,25.1775,0.9,0.25,1.05,D01
BD,27J,24.9275,0.9,24.9275,0.9,0.25,1.05,D01
BD,28J,24.6775,0.9,24.6775,0.9,0.25,1.05,D01
BD,31J,23.9275,0.9,23.9275,0.9,0.25,1.05,D01
BD,32J,23.6775,0.9,23.6775,0.9,0.25,1.05,D01
BD,33J,23.4275,0.9,23.4275,0.9,0.25,1.05,D01
BD,34J,23.1775,0.9,23.1775,0.9,0.25,1.05,D01
BD,35J,22.9275,0.9,22.9275,0.9,0.25,1.05,D01
BD,36J,22.6775,0.9,22.6775,0.9,0.25,1.05,D01
BD,37J,22.4275,0.9,22.4275,0.9,0.25,1.05,D01
BD,38J,22.1775,0.9,22.1775,0.9,0.25,1.05,D01
BD,39J,21.9275,0.9,21.9275,0.9,0.25,1.05,D01
BD,40J,21.6775,0.9,21.6775,0.9,0.25,1.05,D01
CD,11J,18.4275,0.9,18.4275,0.9,0.25,1.05,D01
CD,12J,18.1775,0.9,18.1775,0.9,0.25,1.05,D01
CD,13J,17.9275,0.9,17.9275,0.9,0.25,1.05,D01
CD,14J,17.6775,0.9,17.6775,0.9,0.25,1.05,D01
CD,15J,17.4275,0.9,17.4275,0.9,0.25,1.05,D01
CD,16J,17.1775,0.9,17.1775,0.9,0.25,1.05,D01
CD,19J,16.4275,0.9,16.4275,0.9,0.25,1.05,D01
CD,20J,16.1775,0.9,16.1775,0.9,0.25,1.05,D01
CD,21J,15.9275,0.9,15.9275,0.9,0.25,1.05,D01
CD,22J,15.6775,0.9,15.6775,0.9,0.25,1.05,D01
CD,23J,15.4275,0.9,15.4275,0.9,0.25,1.05,D01
CD,24J,15.1775,0.9,15.1775,0.9,0.25,1.05,D01
CD,25J,14.9275,0.9,14.9275,0.9,0.25,1.05,D01
CD,26J,14.6775,0.9,14.6775,0.9,0.25,1.05,D01
CD,27J,14.4275,0.9,14.4275,0.9,0.25,1.05,D01
CD,28J,14.1775,0.9,14.1775,0.9,0.25,1.05,D01
CD,31J,13.4275,0.9,13.4275,0.9,0.25,1.05,D01
CD,32J,13.1775,0.9,13.1775,0.9,0.25,1.05,D01
CD,33J,12.9275,0.9,12.9275,0.9,0.25,1.05,D01
CD,34J,12.6775,0.9,12.6775,0.9,0.25,1.05,D01
CD,35J,12.4275,0.9,12.4275,0.9,0.25,1.05,D01
CD,36J,12.1775,0.9,12.1775,0.9,0.25,1.05,D01
CD,37J,11.9275,0.9,11.9275,0.9,0.25,1.05,D01
CD,38J,11.6775,0.9,11.6775,0.9,0.25,1.05,D01
CD,39J,11.4275,0.9,11.4275,0.9,0.25,1.05,D01
CD,40J,11.1775,0.9,11.1775,0.9,0.25,1.05,D01
DD,11J,7.9275,0.9,7.9275,0.9,0.25,1.05,D01
DD,12J,7.6775,0.9,7.6775,0.9,0.25,1.05,D01
DD,13J,7.4275,0.9,7.4275,0.9,0.25,1.05,D01
DD,14J,7.1775,0.9,7.1775,0.9,0.25,1.05,D01
DD,15J,6.9275,0.9,6.9275,0.9,0.25,1.05,D01
DD,16J,6.6775,0.9,6.6775,0.9,0.25,1.05,D01
DD,19J,5.9275,0.9,5.9275,0.9,0.25,1.05,D01
DD,20J,5.6775,0.9,5.6775,0.9,0.25,1.05,D01
DD,21J,5.4275,0.9,5.4275,0.9,0.25,1.05,D01
DD,22J,5.1775,0.9,5.1775,0.9,0.25,1.05,D01
DD,23J,4.9275,0.9,4.9275,0.9,0.25,1.05,D01
DD,24J,4.6775,0.9,4.6775,0.9,0.25,1.05,D01
DD,25J,4.4275,0.9,4.4275,0.9,0.25,1.05,D01
DD,26J,4.1775,0.9,4.1775,0.9,0.25,1.05,D01
DD,27J,3.9275,0.9,3.9275,0.9,0.25,1.05,D01
DD,28J,3.6775,0.9,3.6775,0.9,0.25,1.05,D01
DD,31J,2.9275,0.9,2.9275,0.9,0.25,1.05,D01
DD,32J,2.6775,0.9,2.6775,0.9,0.25,1.05,D01
DD,33J,2.4275,0.9,2.4275,0.9,0.25,1.05,D01
DD,34J,2.1775,0.9,2.1775,0.9,0.25,1.05,D01
DD,35J,1.9275,0.9,1.9275,0.9,0.25,1.05,D01
DD,36J,1.6775,0.9,1.6775,0.9,0.25,1.05,D01
DD,37J,1.4275,0.9,1.4275,0.9,0.25,1.05,D01
DD,38J,1.1775,0.9,1.1775,0.9,0.25,1.05,D01
DD,39J,0.9275,0.9,0.9275,0.9,0.25,1.05,D01
DD,40J,0.6775,0.9,0.6775,0.9,0.25,1.05,D01
CE,42A,10.6775,-0.15,10.6775,-0.15,0.25,1.05,D01
CE,41A,10.9275,-0.15,10.9275,-0.15,0.25,1.05,D01
CE,40A,11.1775,-0.15,11.1775,-0.15,0.25,1.05,D01
CE,39A,11.4275,-0.15,11.4275,-0.15,0.25,1.05,D01
CE,38A,11.6775,-0.15,11.6775,-0.15,0.25,1.05,D01
CE,37A,11.9275,-0.15,11.9275,-0.15,0.25,1.05,D01
CE,36A,12.1775,-0.15,12.1775,-0.15,0.25,1.05,D01
CE,35A,12.4275,-0.15,12.4275,-0.15,0.25,1.05,D01
CE,34A,12.6775,-0.15,12.6775,-0.15,0.25,1.05,D01
CE,33A,12.9275,-0.15,12.9275,-0.15,0.25,1.05,D01
CE,32A,13.1775,-0.15,13.1775,-0.15,0.25,1.05,D01
CE,31A,13.4275,-0.15,13.4275,-0.15,0.25,1.05,D01
CE,30A,13.6775,-0.15,13.6775,-0.15,0.25,1.05,D01
CE,29A,13.9275,-0.15,13.9275,-0.15,0.25,1.05,D01
CE,28A,14.1775,-0.15,14.1775,-0.15,0.25,1.05,D01
CE,27A,14.4275,-0.15,14.4275,-0.15,0.25,1.05,D01
CE,26A,14.6775,-0.15,14.6775,-0.15,0.25,1.05,D01
CE,25A,14.9275,-0.15,14.9275,-0.15,0.25,1.05,D01
CE,24A,15.1775,-0.15,15.1775,-0.15,0.25,1.05,D01
CE,23A,15.4275,-0.15,15.4275,-0.15,0.25,1.05,D01
CE,22A,15.6775,-0.15,15.6775,-0.15,0.25,1.05,D01
CE,21A,15.9275,-0.15,15.9275,-0.15,0.25,1.05,D01
CE,20A,16.1775,-0.15,16.1775,-0.15,0.25,1.05,D01
CE,19A,16.4275,-0.15,16.4275,-0.15,0.25,1.05,D01
CE,18A,16.6775,-0.15,16.6775,-0.15,0.25,1.05,D01
CE,17A,16.9275,-0.15,16.9275,-0.15,0.25,1.05,D01
CE,16A,17.1775,-0.15,17.1775,-0.15,0.25,1.05,D01
CE,15A,17.4275,-0.15,17.4275,-0.15,0.25,1.05,D01
CE,14A,17.6775,-0.15,17.6775,-0.15,0.25,1.05,D01
CE,13A,17.9275,-0.15,17.9275,-0.15,0.25,1.05,D01
CE,12A,18.1775,-0.15,18.1775,-0.15,0.25,1.05,D01
CE,11A,18.4275,-0.15,18.4275,-0.15,0.25,1.05,D01
CE,10A,18.6775,-0.15,18.6775,-0.15,0.25,1.05,D01
CE,09A,18.9275,-0.15,18.9275,-0.15,0.25,1.05,D01
CE,08A,19.1775,-0.15,19.1775,-0.15,0.25,1.05,D01
CE,07A,19.4275,-0.15,19.4275,-0.15,0.25,1.05,D01
CE,06A,19.6775,-0.15,19.6775,-0.15,0.25,1.05,D01
CE,05A,19.9275,-0.15,19.9275,-0.15,0.25,1.05,D01
CE,04A,20.1775,-0.15,20.1775,-0.15,0.25,1.05,D01
BE,42A,21.1775,-0.15,21.1775,-0.15,0.25,1.05,D01
BE,41A,21.4275,-0.15,21.4275,-0.15,0.25,1.05,D01
BE,40A,21.6775,-0.15,21.6775,-0.15,0.25,1.05,D01
BE,39A,21.9275,-0.15,21.9275,-0.15,0.25,1.05,D01
BE,38A,22.1775,-0.15,22.1775,-0.15,0.25,1.05,D01
BE,37A,22.4275,-0.15,22.4275,-0.15,0.25,1.05,D01
BE,36A,22.6775,-0.15,22.6775,-0.15,0.25,1.05,D01
BE,35A,22.9275,-0.15,22.9275,-0.15,0.25,1.05,D01
BE,34A,23.1775,-0.15,23.1775,-0.15,0.25,1.05,D01
BE,33A,23.4275,-0.15,23.4275,-0.15,0.25,1.05,D01
BE,32A,23.6775,-0.15,23.6775,-0.15,0.25,1.05,D01
BE,31A,23.9275,-0.15,23.9275,-0.15,0.25,1.05,D01
BE,30A,24.1775,-0.15,24.1775,-0.15,0.25,1.05,D01
BE,29A,24.4275,-0.15,24.4275,-0.15,0.25,1.05,D01
BE,28A,24.6775,-0.15,24.6775,-0.15,0.25,1.05,D01
BE,27A,24.9275,-0.15,24.9275,-0.15,0.25,1.05,D01
BE,26A,25.1775,-0.15,25.1775,-0.15,0.25,1.05,D01
BE,25A,25.4275,-0.15,25.4275,-0.15,0.25,1.05,D01
BE,24A,25.6775,-0.15,25.6775,-0.15,0.25,1.05,D01
BE,23A,25.9275,-0.15,25.9275,-0.15,0.25,1.05,D01
BE,22A,26.1775,-0.15,26.1775,-0.15,0.25,1.05,D01
BE,21A,26.4275,-0.15,26.4275,-0.15,0.25,1.05,D01
BE,20A,26.6775,-0.15,26.6775,-0.15,0.25,1.05,D01
BE,19A,26.9275,-0.15,26.9275,-0.15,0.25,1.05,D01
BE,18A,27.1775,-0.15,27.1775,-0.15,0.25,1.05,D01
BE,17A,27.4275,-0.15,27.4275,-0.15,0.25,1.05,D01
BE,16A,27.6775,-0.15,27.6775,-0.15,0.25,1.05,D01
BE,15A,27.9275,-0.15,27.9275,-0.15,0.25,1.05,D01
BE,14A,28.1775,-0.15,28.1775,-0.15,0.25,1.05,D01
BE,13A,28.4275,-0.15,28.4275,-0.15,0.25,1.05,D01
BE,12A,28.6775,-0.15,28.6775,-0.15,0.25,1.05,D01
BE,11A,28.9275,-0.15,28.9275,-0.15,0.25,1.05,D01
BE,10A,29.1775,-0.15,29.1775,-0.15,0.25,1.05,D01
BE,09A,29.4275,-0.15,29.4275,-0.15,0.25,1.05,D01
BE,08A,29.6775,-0.15,29.6775,-0.15,0.25,1.05,D01
BE,07A,29.9275,-0.15,29.9275,-0.15,0.25,1.05,D01
BE,06A,30.1775,-0.15,30.1775,-0.15,0.25,1.05,D01
BE,05A,30.4275,-0.15,30.4275,-0.15,0.25,1.05,D01
BE,04A,30.6775,-0.15,30.6775,-0.15,0.25,1.05,D01
BE,04B,30.6775,-1.2,30.6775,-1.2,0.25,1.05,D01
BE,05B,30.4275,-1.2,30.4275,-1.2,0.25,1.05,D01
BE,06B,30.1775,-1.2,30.1775,-1.2,0.25,1.05,D01
BE,07B,29.9275,-1.2,29.9275,-1.2,0.25,1.05,D01
BE,08B,29.6775,-1.2,29.6775,-1.2,0.25,1.05,D01
BE,09B,29.4275,-1.2,29.4275,-1.2,0.25,1.05,D01
BE,10B,29.1775,-1.2,29.1775,-1.2,0.25,1.05,D01
BE,11B,28.9275,-1.2,28.9275,-1.2,0.25,1.05,D01
BE,12B,28.6775,-1.2,28.6775,-1.2,0.25,1.05,D01
BE,13B,28.4275,-1.2,28.4275,-1.2,0.25,1.05,D01
BE,14B,28.1775,-1.2,28.1775,-1.2,0.25,1.05,D01
BE,15B,27.9275,-1.2,27.9275,-1.2,0.25,1.05,D01
BE,16B,27.6775,-1.2,27.6775,-1.2,0.25,1.05,D01
BE,17B,27.4275,-1.2,27.4275,-1.2,0.25,1.05,D01
BE,18B,27.1775,-1.2,27.1775,-1.2,0.25,1.05,D01
BE,19B,26.9275,-1.2,26.9275,-1.2,0.25,1.05,D01
BE,20B,26.6775,-1.2,26.6775,-1.2,0.25,1.05,D01
BE,21B,26.4275,-1.2,26.4275,-1.2,0.25,1.05,D01
BE,22B,26.1775,-1.2,26.1775,-1.2,0.25,1.05,D01
BE,23B,25.9275,-1.2,25.9275,-1.2,0.25,1.05,D01
BE,24B,25.6775,-1.2,25.6775,-1.2,0.25,1.05,D01
BE,25B,25.4275,-1.2,25.4275,-1.2,0.25,1.05,D01
BE,26B,25.1775,-1.2,25.1775,-1.2,0.25,1.05,D01
BE,27B,24.9275,-1.2,24.9275,-1.2,0.25,1.05,D01
BE,28B,24.6775,-1.2,24.6775,-1.2,0.25,1.05,D01
BE,29B,24.4275,-1.2,24.4275,-1.2,0.25,1.05,D01
BE,30B,24.1775,-1.2,24.1775,-1.2,0.25,1.05,D01
BE,31B,23.9275,-1.2,23.9275,-1.2,0.25,1.05,D01
BE,32B,23.6775,-1.2,23.6775,-1.2,0.25,1.05,D01
BE,33B,23.4275,-1.2,23.4275,-1.2,0.25,1.05,D01
BE,34B,23.1775,-1.2,23.1775,-1.2,0.25,1.05,D01
BE,35B,22.9275,-1.2,22.9275,-1.2,0.25,1.05,D01
BE,36B,22.6775,-1.2,22.6775,-1.2,0.25,1.05,D01
BE,37B,22.4275,-1.2,22.4275,-1.2,0.25,1.05,D01
BE,38B,22.1775,-1.2,22.1775,-1.2,0.25,1.05,D01
BE,39B,21.9275,-1.2,21.9275,-1.2,0.25,1.05,D01
BE,40B,21.6775,-1.2,21.6775,-1.2,0.25,1.05,D01
BE,41B,21.4275,-1.2,21.4275,-1.2,0.25,1.05,D01
BE,42B,21.1775,-1.2,21.1775,-1.2,0.25,1.05,D01
CE,04B,20.1775,-1.2,20.1775,-1.2,0.25,1.05,D01
CE,05B,19.9275,-1.2,19.9275,-1.2,0.25,1.05,D01
CE,06B,19.6775,-1.2,19.6775,-1.2,0.25,1.05,D01
CE,07B,19.4275,-1.2,19.4275,-1.2,0.25,1.05,D01
CE,08B,19.1775,-1.2,19.1775,-1.2,0.25,1.05,D01
CE,09B,18.9275,-1.2,18.9275,-1.2,0.25,1.05,D01
CE,10B,18.6775,-1.2,18.6775,-1.2,0.25,1.05,D01
CE,11B,18.4275,-1.2,18.4275,-1.2,0.25,1.05,D01
CE,12B,18.1775,-1.2,18.1775,-1.2,0.25,1.05,D01
CE,13B,17.9275,-1.2,17.9275,-1.2,0.25,1.05,D01
CE,14B,17.6775,-1.2,17.6775,-1.2,0.25,1.05,D01
CE,15B,17.4275,-1.2,17.4275,-1.2,0.25,1.05,D01
CE,16B,17.1775,-1.2,17.1775,-1.2,0.25,1.05,D01
CE,17B,16.9275,-1.2,16.9275,-1.2,0.25,1.05,D01
CE,18B,16.6775,-1.2,16.6775,-1.2,0.25,1.05,D01
CE,19B,16.4275,-1.2,16.4275,-1.2,0.25,1.05,D01
CE,20B,16.1775,-1.2,16.1775,-1.2,0.25,1.05,D01
CE,21B,15.9275,-1.2,15.9275,-1.2,0.25,1.05,D01
CE,22B,15.6775,-1.2,15.6775,-1.2,0.25,1.05,D01
CE,23B,15.4275,-1.2,15.4275,-1.2,0.25,1.05,D01
CE,24B,15.1775,-1.2,15.1775,-1.2,0.25,1.05,D01
CE,25B,14.9275,-1.2,14.9275,-1.2,0.25,1.05,D01
CE,26B,14.6775,-1.2,14.6775,-1.2,0.25,1.05,D01
CE,27B,14.4275,-1.2,14.4275,-1.2,0.25,1.05,D01
CE,28B,14.1775,-1.2,14.1775,-1.2,0.25,1.05,D01
CE,29B,13.9275,-1.2,13.9275,-1.2,0.25,1.05,D01
CE,30B,13.6775,-1.2,13.6775,-1.2,0.25,1.05,D01
CE,31B,13.4275,-1.2,13.4275,-1.2,0.25,1.05,D01
CE,32B,13.1775,-1.2,13.1775,-1.2,0.25,1.05,D01
CE,33B,12.9275,-1.2,12.9275,-1.2,0.25,1.05,D01
CE,34B,12.6775,-1.2,12.6775,-1.2,0.25,1.05,D01
CE,35B,12.4275,-1.2,12.4275,-1.2,0.25,1.05,D01
CE,36B,12.1775,-1.2,12.1775,-1.2,0.25,1.05,D01
CE,37B,11.9275,-1.2,11.9275,-1.2,0.25,1.05,D01
CE,38B,11.6775,-1.2,11.6775,-1.2,0.25,1.05,D01
CE,39B,11.4275,-1.2,11.4275,-1.2,0.25,1.05,D01
CE,40B,11.1775,-1.2,11.1775,-1.2,0.25,1.05,D01
CE,41B,10.9275,-1.2,10.9275,-1.2,0.25,1.05,D01
CE,42B,10.6775,-1.2,10.6775,-1.2,0.25,1.05,D01
CE,42C,10.6775,-2.25,10.6775,-2.25,0.25,1.05,D01
CE,41C,10.9275,-2.25,10.9275,-2.25,0.25,1.05,D01
CE,40C,11.1775,-2.25,11.1775,-2.25,0.25,1.05,D01
CE,39C,11.4275,-2.25,11.4275,-2.25,0.25,1.05,D01
CE,38C,11.6775,-2.25,11.6775,-2.25,0.25,1.05,D01
CE,37C,11.9275,-2.25,11.9275,-2.25,0.25,1.05,D01
CE,36C,12.1775,-2.25,12.1775,-2.25,0.25,1.05,D01
CE,35C,12.4275,-2.25,12.4275,-2.25,0.25,1.05,D01
CE,34C,12.6775,-2.25,12.6775,-2.25,0.25,1.05,D01
CE,33C,12.9275,-2.25,12.9275,-2.25,0.25,1.05,D01
CE,32C,13.1775,-2.25,13.1775,-2.25,0.25,1.05,D01
CE,31C,13.4275,-2.25,13.4275,-2.25,0.25,1.05,D01
CE,30C,13.6775,-2.25,13.6775,-2.25,0.25,1.05,D01
CE,29C,13.9275,-2.25,13.9275,-2.25,0.25,1.05,D01
CE,28C,14.1775,-2.25,14.1775,-2.25,0.25,1.05,D01
CE,27C,14.4275,-2.25,14.4275,-2.25,0.25,1.05,D01
CE,26C,14.6775,-2.25,14.6775,-2.25,0.25,1.05,D01
CE,25C,14.9275,-2.25,14.9275,-2.25,0.25,1.05,D01
CE,24C,15.1775,-2.25,15.1775,-2.25,0.25,1.05,D01
CE,23C,15.4275,-2.25,15.4275,-2.25,0.25,1.05,D01
CE,22C,15.6775,-2.25,15.6775,-2.25,0.25,1.05,D01
CE,21C,15.9275,-2.25,15.9275,-2.25,0.25,1.05,D01
CE,20C,16.1775,-2.25,16.1775,-2.25,0.25,1.05,D01
CE,19C,16.4275,-2.25,16.4275,-2.25,0.25,1.05,D01
CE,18C,16.6775,-2.25,16.6775,-2.25,0.25,1.05,D01
CE,17C,16.9275,-2.25,16.9275,-2.25,0.25,1.05,D01
CE,16C,17.1775,-2.25,17.1775,-2.25,0.25,1.05,D01
CE,15C,17.4275,-2.25,17.4275,-2.25,0.25,1.05,D01
CE,14C,17.6775,-2.25,17.6775,-2.25,0.25,1.05,D01
CE,13C,17.9275,-2.25,17.9275,-2.25,0.25,1.05,D01
CE,12C,18.1775,-2.25,18.1775,-2.25,0.25,1.05,D01
CE,11C,18.4275,-2.25,18.4275,-2.25,0.25,1.05,D01
CE,10C,18.6775,-2.25,18.6775,-2.25,0.25,1.05,D01
CE,09C,18.9275,-2.25,18.9275,-2.25,0.25,1.05,D01
CE,08C,19.1775,-2.25,19.1775,-2.25,0.25,1.05,D01
CE,07C,19.4275,-2.25,19.4275,-2.25,0.25,1.05,D01
CE,06C,19.6775,-2.25,19.6775,-2.25,0.25,1.05,D01
CE,05C,19.9275,-2.25,19.9275,-2.25,0.25,1.05,D01
CE,04C,20.1775,-2.25,20.1775,-2.25,0.25,1.05,D01
BE,42C,21.1775,-2.25,21.1775,-2.25,0.25,1.05,D01
BE,41C,21.4275,-2.25,21.4275,-2.25,0.25,1.05,D01
BE,40C,21.6775,-2.25,21.6775,-2.25,0.25,1.05,D01
BE,39C,21.9275,-2.25,21.9275,-2.25,0.25,1.05,D01
BE,38C,22.1775,-2.25,22.1775,-2.25,0.25,1.05,D01
BE,37C,22.4275,-2.25,22.4275,-2.25,0.25,1.05,D01
BE,36C,22.6775,-2.25,22.6775,-2.25,0.25,1.05,D01
BE,35C,22.9275,-2.25,22.9275,-2.25,0.25,1.05,D01
BE,34C,23.1775,-2.25,23.1775,-2.25,0.25,1.05,D01
BE,33C,23.4275,-2.25,23.4275,-2.25,0.25,1.05,D01
BE,32C,23.6775,-2.25,23.6775,-2.25,0.25,1.05,D01
BE,31C,23.9275,-2.25,23.9275,-2.25,0.25,1.05,D01
BE,30C,24.1775,-2.25,24.1775,-2.25,0.25,1.05,D01
BE,29C,24.4275,-2.25,24.4275,-2.25,0.25,1.05,D01
BE,28C,24.6775,-2.25,24.6775,-2.25,0.25,1.05,D01
BE,27C,24.9275,-2.25,24.9275,-2.25,0.25,1.05,D01
BE,26C,25.1775,-2.25,25.1775,-2.25,0.25,1.05,D01
BE,25C,25.4275,-2.25,25.4275,-2.25,0.25,1.05,D01
BE,24C,25.6775,-2.25,25.6775,-2.25,0.25,1.05,D01
BE,23C,25.9275,-2.25,25.9275,-2.25,0.25,1.05,D01
BE,22C,26.1775,-2.25,26.1775,-2.25,0.25,1.05,D01
BE,21C,26.4275,-2.25,26.4275,-2.25,0.25,1.05,D01
BE,20C,26.6775,-2.25,26.6775,-2.25,0.25,1.05,D01
BE,19C,26.9275,-2.25,26.9275,-2.25,0.25,1.05,D01
BE,18C,27.1775,-2.25,27.1775,-2.25,0.25,1.05,D01
BE,17C,27.4275,-2.25,27.4275,-2.25,0.25,1.05,D01
BE,16C,27.6775,-2.25,27.6775,-2.25,0.25,1.05,D01
BE,15C,27.9275,-2.25,27.9275,-2.25,0.25,1.05,D01
BE,14C,28.1775,-2.25,28.1775,-2.25,0.25,1.05,D01
BE,13C,28.4275,-2.25,28.4275,-2.25,0.25,1.05,D01
BE,12C,28.6775,-2.25,28.6775,-2.25,0.25,1.05,D01
BE,11C,28.9275,-2.25,28.9275,-2.25,0.25,1.05,D01
BE,10C,29.1775,-2.25,29.1775,-2.25,0.25,1.05,D01
BE,09C,29.4275,-2.25,29.4275,-2.25,0.25,1.05,D01
BE,08C,29.6775,-2.25,29.6775,-2.25,0.25,1.05,D01
BE,07C,29.9275,-2.25,29.9275,-2.25,0.25,1.05,D01
BE,06C,30.1775,-2.25,30.1775,-2.25,0.25,1.05,D01
BE,05C,30.4275,-2.25,30.4275,-2.25,0.25,1.05,D01
BE,04C,30.6775,-2.25,30.6775,-2.25,0.25,1.05,D01
BE,04D,30.6775,-3.3,30.6775,-3.3,0.25,1.05,D01
BE,05D,30.4275,-3.3,30.4275,-3.3,0.25,1.05,D01
BE,06D,30.1775,-3.3,30.1775,-3.3,0.25,1.05,D01
BE,07D,29.9275,-3.3,29.9275,-3.3,0.25,1.05,D01
BE,08D,29.6775,-3.3,29.6775,-3.3,0.25,1.05,D01
BE,09D,29.4275,-3.3,29.4275,-3.3,0.25,1.05,D01
BE,10D,29.1775,-3.3,29.1775,-3.3,0.25,1.05,D01
BE,11D,28.9275,-3.3,28.9275,-3.3,0.25,1.05,D01
BE,12D,28.6775,-3.3,28.6775,-3.3,0.25,1.05,D01
BE,13D,28.4275,-3.3,28.4275,-3.3,0.25,1.05,D01
BE,14D,28.1775,-3.3,28.1775,-3.3,0.25,1.05,D01
BE,15D,27.9275,-3.3,27.9275,-3.3,0.25,1.05,D01
BE,16D,27.6775,-3.3,27.6775,-3.3,0.25,1.05,D01
BE,17D,27.4275,-3.3,27.4275,-3.3,0.25,1.05,D01
BE,18D,27.1775,-3.3,27.1775,-3.3,0.25,1.05,D01
BE,19D,26.9275,-3.3,26.9275,-3.3,0.25,1.05,D01
BE,20D,26.6775,-3.3,26.6775,-3.3,0.25,1.05,D01
BE,21D,26.4275,-3.3,26.4275,-3.3,0.25,1.05,D01
BE,22D,26.1775,-3.3,26.1775,-3.3,0.25,1.05,D01
BE,23D,25.9275,-3.3,25.9275,-3.3,0.25,1.05,D01
BE,24D,25.6775,-3.3,25.6775,-3.3,0.25,1.05,D01
BE,25D,25.4275,-3.3,25.4275,-3.3,0.25,1.05,D01
BE,26D,25.1775,-3.3,25.1775,-3.3,0.25,1.05,D01
BE,27D,24.9275,-3.3,24.9275,-3.3,0.25,1.05,D01
BE,28D,24.6775,-3.3,24.6775,-3.3,0.25,1.05,D01
BE,29D,24.4275,-3.3,24.4275,-3.3,0.25,1.05,D01
BE,30D,24.1775,-3.3,24.1775,-3.3,0.25,1.05,D01
BE,31D,23.9275,-3.3,23.9275,-3.3,0.25,1.05,D01
BE,32D,23.6775,-3.3,23.6775,-3.3,0.25,1.05,D01
BE,33D,23.4275,-3.3,23.4275,-3.3,0.25,1.05,D01
BE,34D,23.1775,-3.3,23.1775,-3.3,0.25,1.05,D01
BE,35D,22.9275,-3.3,22.9275,-3.3,0.25,1.05,D01
BE,36D,22.6775,-3.3,22.6775,-3.3,0.25,1.05,D01
BE,37D,22.4275,-3.3,22.4275,-3.3,0.25,1.05,D01
BE,38D,22.1775,-3.3,22.1775,-3.3,0.25,1.05,D01
BE,39D,21.9275,-3.3,21.9275,-3.3,0.25,1.05,D01
BE,40D,21.6775,-3.3,21.6775,-3.3,0.25,1.05,D01
BE,41D,21.4275,-3.3,21.4275,-3.3,0.25,1.05,D01
BE,42D,21.1775,-3.3,21.1775,-3.3,0.25,1.05,D01
CE,04D,20.1775,-3.3,20.1775,-3.3,0.25,1.05,D01
CE,05D,19.9275,-3.3,19.9275,-3.3,0.25,1.05,D01
CE,06D,19.6775,-3.3,19.6775,-3.3,0.25,1.05,D01
CE,07D,19.4275,-3.3,19.4275,-3.3,0.25,1.05,D01
CE,08D,19.1775,-3.3,19.1775,-3.3,0.25,1.05,D01
CE,09D,18.9275,-3.3,18.9275,-3.3,0.25,1.05,D01
CE,10D,18.6775,-3.3,18.6775,-3.3,0.25,1.05,D01
CE,11D,18.4275,-3.3,18.4275,-3.3,0.25,1.05,D01
CE,12D,18.1775,-3.3,18.1775,-3.3,0.25,1.05,D01
CE,13D,17.9275,-3.3,17.9275,-3.3,0.25,1.05,D01
CE,14D,17.6775,-3.3,17.6775,-3.3,0.25,1.05,D01
CE,15D,17.4275,-3.3,17.4275,-3.3,0.25,1.05,D01
CE,16D,17.1775,-3.3,17.1775,-3.3,0.25,1.05,D01
CE,17D,16.9275,-3.3,16.9275,-3.3,0.25,1.05,D01
CE,18D,16.6775,-3.3,16.6775,-3.3,0.25,1.05,D01
CE,19D,16.4275,-3.3,16.4275,-3.3,0.25,1.05,D01
CE,20D,16.1775,-3.3,16.1775,-3.3,0.25,1.05,D01
CE,21D,15.9275,-3.3,15.9275,-3.3,0.25,1.05,D01
CE,22D,15.6775,-3.3,15.6775,-3.3,0.25,1.05,D01
CE,23D,15.4275,-3.3,15.4275,-3.3,0.25,1.05,D01
CE,24D,15.1775,-3.3,15.1775,-3.3,0.25,1.05,D01
CE,25D,14.9275,-3.3,14.9275,-3.3,0.25,1.05,D01
CE,26D,14.6775,-3.3,14.6775,-3.3,0.25,1.05,D01
CE,27D,14.4275,-3.3,14.4275,-3.3,0.25,1.05,D01
CE,28D,14.1775,-3.3,14.1775,-3.3,0.25,1.05,D01
CE,29D,13.9275,-3.3,13.9275,-3.3,0.25,1.05,D01
CE,30D,13.6775,-3.3,13.6775,-3.3,0.25,1.05,D01
CE,31D,13.4275,-3.3,13.4275,-3.3,0.25,1.05,D01
CE,32D,13.1775,-3.3,13.1775,-3.3,0.25,1.05,D01
CE,33D,12.9275,-3.3,12.9275,-3.3,0.25,1.05,D01
CE,34D,12.6775,-3.3,12.6775,-3.3,0.25,1.05,D01
CE,35D,12.4275,-3.3,12.4275,-3.3,0.25,1.05,D01
CE,36D,12.1775,-3.3,12.1775,-3.3,0.25,1.05,D01
CE,37D,11.9275,-3.3,11.9275,-3.3,0.25,1.05,D01
CE,38D,11.6775,-3.3,11.6775,-3.3,0.25,1.05,D01
CE,39D,11.4275,-3.3,11.4275,-3.3,0.25,1.05,D01
CE,40D,11.1775,-3.3,11.1775,-3.3,0.25,1.05,D01
CE,41D,10.9275,-3.3,10.9275,-3.3,0.25,1.05,D01
CE,42D,10.6775,-3.3,10.6775,-3.3,0.25,1.05,D01
CE,40E,11.1775,-4.35,11.1775,-4.35,0.25,1.05,D01
CE,39E,11.4275,-4.35,11.4275,-4.35,0.25,1.05,D01
CE,38E,11.6775,-4.35,11.6775,-4.35,0.25,1.05,D01
CE,37E,11.9275,-4.35,11.9275,-4.35,0.25,1.05,D01
CE,36E,12.1775,-4.35,12.1775,-4.35,0.25,1.05,D01
CE,35E,12.4275,-4.35,12.4275,-4.35,0.25,1.05,D01
CE,34E,12.6775,-4.35,12.6775,-4.35,0.25,1.05,D01
CE,33E,12.9275,-4.35,12.9275,-4.35,0.25,1.05,D01
CE,32E,13.1775,-4.35,13.1775,-4.35,0.25,1.05,D01
CE,31E,13.4275,-4.35,13.4275,-4.35,0.25,1.05,D01
CE,28E,14.1775,-4.35,14.1775,-4.35,0.25,1.05,D01
CE,27E,14.4275,-4.35,14.4275,-4.35,0.25,1.05,D01
CE,26E,14.6775,-4.35,14.6775,-4.35,0.25,1.05,D01
CE,25E,14.9275,-4.35,14.9275,-4.35,0.25,1.05,D01
CE,24E,15.1775,-4.35,15.1775,-4.35,0.25,1.05,D01
CE,23E,15.4275,-4.35,15.4275,-4.35,0.25,1.05,D01
CE,22E,15.6775,-4.35,15.6775,-4.35,0.25,1.05,D01
CE,21E,15.9275,-4.35,15.9275,-4.35,0.25,1.05,D01
CE,20E,16.1775,-4.35,16.1775,-4.35,0.25,1.05,D01
CE,19E,16.4275,-4.35,16.4275,-4.35,0.25,1.05,D01
CE,16E,17.1775,-4.35,17.1775,-4.35,0.25,1.05,D01
CE,15E,17.4275,-4.35,17.4275,-4.35,0.25,1.05,D01
CE,14E,17.6775,-4.35,17.6775,-4.35,0.25,1.05,D01
CE,13E,17.9275,-4.35,17.9275,-4.35,0.25,1.05,D01
CE,12E,18.1775,-4.35,18.1775,-4.35,0.25,1.05,D01
CE,11E,18.4275,-4.35,18.4275,-4.35,0.25,1.05,D01
BE,40E,21.6775,-4.35,21.6775,-4.35,0.25,1.05,D01
BE,39E,21.9275,-4.35,21.9275,-4.35,0.25,1.05,D01
BE,38E,22.1775,-4.35,22.1775,-4.35,0.25,1.05,D01
BE,37E,22.4275,-4.35,22.4275,-4.35,0.25,1.05,D01
BE,36E,22.6775,-4.35,22.6775,-4.35,0.25,1.05,D01
BE,35E,22.9275,-4.35,22.9275,-4.35,0.25,1.05,D01
BE,34E,23.1775,-4.35,23.1775,-4.35,0.25,1.05,D01
BE,33E,23.4275,-4.35,23.4275,-4.35,0.25,1.05,D01
BE,32E,23.6775,-4.35,23.6775,-4.35,0.25,1.05,D01
BE,31E,23.9275,-4.35,23.9275,-4.35,0.25,1.05,D01
BE,28E,24.6775,-4.35,24.6775,-4.35,0.25,1.05,D01
BE,27E,24.9275,-4.35,24.9275,-4.35,0.25,1.05,D01
BE,26E,25.1775,-4.35,25.1775,-4.35,0.25,1.05,D01
BE,25E,25.4275,-4.35,25.4275,-4.35,0.25,1.05,D01
BE,24E,25.6775,-4.35,25.6775,-4.35,0.25,1.05,D01
BE,23E,25.9275,-4.35,25.9275,-4.35,0.25,1.05,D01
BE,22E,26.1775,-4.35,26.1775,-4.35,0.25,1.05,D01
BE,21E,26.4275,-4.35,26.4275,-4.35,0.25,1.05,D01
BE,20E,26.6775,-4.35,26.6775,-4.35,0.25,1.05,D01
BE,19E,26.9275,-4.35,26.9275,-4.35,0.25,1.05,D01
BE,16E,27.6775,-4.35,27.6775,-4.35,0.25,1.05,D01
BE,15E,27.9275,-4.35,27.9275,-4.35,0.25,1.05,D01
BE,14E,28.1775,-4.35,28.1775,-4.35,0.25,1.05,D01
BE,13E,28.4275,-4.35,28.4275,-4.35,0.25,1.05,D01
BE,12E,28.6775,-4.35,28.6775,-4.35,0.25,1.05,D01
BE,11E,28.9275,-4.35,28.9275,-4.35,0.25,1.05,D01
BE,11F,28.9275,-5.4,28.9275,-5.4,0.25,1.05,D01
BE,12F,28.6775,-5.4,28.6775,-5.4,0.25,1.05,D01
BE,13F,28.4275,-5.4,28.4275,-5.4,0.25,1.05,D01
BE,14F,28.1775,-5.4,28.1775,-5.4,0.25,1.05,D01
BE,15F,27.9275,-5.4,27.9275,-5.4,0.25,1.05,D01
BE,16F,27.6775,-5.4,27.6775,-5.4,0.25,1.05,D01
BE,19F,26.9275,-5.4,26.9275,-5.4,0.25,1.05,D01
BE,20F,26.6775,-5.4,26.6775,-5.4,0.25,1.05,D01
BE,21F,26.4275,-5.4,26.4275,-5.4,0.25,1.05,D01
BE,22F,26.1775,-5.4,26.1775,-5.4,0.25,1.05,D01
BE,23F,25.9275,-5.4,25.9275,-5.4,0.25,1.05,D01
BE,24F,25.6775,-5.4,25.6775,-5.4,0.25,1.05,D01
BE,25F,25.4275,-5.4,25.4275,-5.4,0.25,1.05,D01
BE,26F,25.1775,-5.4,25.1775,-5.4,0.25,1.05,D01
BE,27F,24.9275,-5.4,24.9275,-5.4,0.25,1.05,D01
BE,28F,24.6775,-5.4,24.6775,-5.4,0.25,1.05,D01
BE,31F,23.9275,-5.4,23.9275,-5.4,0.25,1.05,D01
BE,32F,23.6775,-5.4,23.6775,-5.4,0.25,1.05,D01
BE,33F,23.4275,-5.4,23.4275,-5.4,0.25,1.05,D01
BE,34F,23.1775,-5.4,23.1775,-5.4,0.25,1.05,D01
BE,35F,22.9275,-5.4,22.9275,-5.4,0.25,1.05,D01
BE,36F,22.6775,-5.4,22.6775,-5.4,0.25,1.05,D01
BE,37F,22.4275,-5.4,22.4275,-5.4,0.25,1.05,D01
BE,38F,22.1775,-5.4,22.1775,-5.4,0.25,1.05,D01
BE,39F,21.9275,-5.4,21.9275,-5.4,0.25,1.05,D01
BE,40F,21.6775,-5.4,21.6775,-5.4,0.25,1.05,D01
CE,11F,18.4275,-5.4,18.4275,-5.4,0.25,1.05,D01
CE,12F,18.1775,-5.4,18.1775,-5.4,0.25,1.05,D01
CE,13F,17.9275,-5.4,17.9275,-5.4,0.25,1.05,D01
CE,14F,17.6775,-5.4,17.6775,-5.4,0.25,1.05,D01
CE,15F,17.4275,-5.4,17.4275,-5.4,0.25,1.05,D01
CE,16F,17.1775,-5.4,17.1775,-5.4,0.25,1.05,D01
CE,19F,16.4275,-5.4,16.4275,-5.4,0.25,1.05,D01
CE,20F,16.1775,-5.4,16.1775,-5.4,0.25,1.05,D01
CE,21F,15.9275,-5.4,15.9275,-5.4,0.25,1.05,D01
CE,22F,15.6775,-5.4,15.6775,-5.4,0.25,1.05,D01
CE,23F,15.4275,-5.4,15.4275,-5.4,0.25,1.05,D01
CE,24F,15.1775,-5.4,15.1775,-5.4,0.25,1.05,D01
CE,25F,14.9275,-5.4,14.9275,-5.4,0.25,1.05,D01
CE,26F,14.6775,-5.4,14.6775,-5.4,0.25,1.05,D01
CE,27F,14.4275,-5.4,14.4275,-5.4,0.25,1.05,D01
CE,28F,14.1775,-5.4,14.1775,-5.4,0.25,1.05,D01
CE,31F,13.4275,-5.4,13.4275,-5.4,0.25,1.05,D01
CE,32F,13.1775,-5.4,13.1775,-5.4,0.25,1.05,D01
CE,33F,12.9275,-5.4,12.9275,-5.4,0.25,1.05,D01
CE,34F,12.6775,-5.4,12.6775,-5.4,0.25,1.05,D01
CE,35F,12.4275,-5.4,12.4275,-5.4,0.25,1.05,D01
CE,36F,12.1775,-5.4,12.1775,-5.4,0.25,1.05,D01
CE,37F,11.9275,-5.4,11.9275,-5.4,0.25,1.05,D01
CE,38F,11.6775,-5.4,11.6775,-5.4,0.25,1.05,D01
CE,39F,11.4275,-5.4,11.4275,-5.4,0.25,1.05,D01
CE,40F,11.1775,-5.4,11.1775,-5.4,0.25,1.05,D01
CE,40G,11.1775,-6.45,11.1775,-6.45,0.25,1.05,D01
CE,39G,11.4275,-6.45,11.4275,-6.45,0.25,1.05,D01
CE,38G,11.6775,-6.45,11.6775,-6.45,0.25,1.05,D01
CE,37G,11.9275,-6.45,11.9275,-6.45,0.25,1.05,D01
CE,36G,12.1775,-6.45,12.1775,-6.45,0.25,1.05,D01
CE,35G,12.4275,-6.45,12.4275,-6.45,0.25,1.05,D01
CE,34G,12.6775,-6.45,12.6775,-6.45,0.25,1.05,D01
CE,33G,12.9275,-6.45,12.9275,-6.45,0.25,1.05,D01
CE,32G,13.1775,-6.45,13.1775,-6.45,0.25,1.05,D01
CE,31G,13.4275,-6.45,13.4275,-6.45,0.25,1.05,D01
CE,28G,14.1775,-6.45,14.1775,-6.45,0.25,1.05,D01
CE,27G,14.4275,-6.45,14.4275,-6.45,0.25,1.05,D01
CE,26G,14.6775,-6.45,14.6775,-6.45,0.25,1.05,D01
CE,25G,14.9275,-6.45,14.9275,-6.45,0.25,1.05,D01
CE,24G,15.1775,-6.45,15.1775,-6.45,0.25,1.05,D01
CE,23G,15.4275,-6.45,15.4275,-6.45,0.25,1.05,D01
CE,22G,15.6775,-6.45,15.6775,-6.45,0.25,1.05,D01
CE,21G,15.9275,-6.45,15.9275,-6.45,0.25,1.05,D01
CE,20G,16.1775,-6.45,16.1775,-6.45,0.25,1.05,D01
CE,19G,16.4275,-6.45,16.4275,-6.45,0.25,1.05,D01
CE,16G,17.1775,-6.45,17.1775,-6.45,0.25,1.05,D01
CE,15G,17.4275,-6.45,17.4275,-6.45,0.25,1.05,D01
CE,14G,17.6775,-6.45,17.6775,-6.45,0.25,1.05,D01
CE,13G,17.9275,-6.45,17.9275,-6.45,0.25,1.05,D01
CE,12G,18.1775,-6.45,18.1775,-6.45,0.25,1.05,D01
CE,11G,18.4275,-6.45,18.4275,-6.45,0.25,1.05,D01
BE,40G,21.6775,-6.45,21.6775,-6.45,0.25,1.05,D01
BE,39G,21.9275,-6.45,21.9275,-6.45,0.25,1.05,D01
BE,38G,22.1775,-6.45,22.1775,-6.45,0.25,1.05,D01
BE,37G,22.4275,-6.45,22.4275,-6.45,0.25,1.05,D01
BE,36G,22.6775,-6.45,22.6775,-6.45,0.25,1.05,D01
BE,35G,22.9275,-6.45,22.9275,-6.45,0.25,1.05,D01
BE,34G,23.1775,-6.45,23.1775,-6.45,0.25,1.05,D01
BE,33G,23.4275,-6.45,23.4275,-6.45,0.25,1.05,D01
BE,32G,23.6775,-6.45,23.6775,-6.45,0.25,1.05,D01
BE,31G,23.9275,-6.45,23.9275,-6.45,0.25,1.05,D01
BE,28G,24.6775,-6.45,24.6775,-6.45,0.25,1.05,D01
BE,27G,24.9275,-6.45,24.9275,-6.45,0.25,1.05,D01
BE,26G,25.1775,-6.45,25.1775,-6.45,0.25,1.05,D01
BE,25G,25.4275,-6.45,25.4275,-6.45,0.25,1.05,D01
BE,24G,25.6775,-6.45,25.6775,-6.45,0.25,1.05,D01
BE,23G,25.9275,-6.45,25.9275,-6.45,0.25,1.05,D01
BE,22G,26.1775,-6.45,26.1775,-6.45,0.25,1.05,D01
BE,21G,26.4275,-6.45,26.4275,-6.45,0.25,1.05,D01
BE,20G,26.6775,-6.45,26.6775,-6.45,0.25,1.05,D01
BE,19G,26.9275,-6.45,26.9275,-6.45,0.25,1.05,D01
BE,16G,27.6775,-6.45,27.6775,-6.45,0.25,1.05,D01
BE,15G,27.9275,-6.45,27.9275,-6.45,0.25,1.05,D01
BE,14G,28.1775,-6.45,28.1775,-6.45,0.25,1.05,D01
BE,13G,28.4275,-6.45,28.4275,-6.45,0.25,1.05,D01
BE,12G,28.6775,-6.45,28.6775,-6.45,0.25,1.05,D01
BE,11G,28.9275,-6.45,28.9275,-6.45,0.25,1.05,D01
BE,11H,28.9275,-7.5,28.9275,-7.5,0.25,1.05,D01
BE,12H,28.6775,-7.5,28.6775,-7.5,0.25,1.05,D01
BE,13H,28.4275,-7.5,28.4275,-7.5,0.25,1.05,D01
BE,14H,28.1775,-7.5,28.1775,-7.5,0.25,1.05,D01
BE,15H,27.9275,-7.5,27.9275,-7.5,0.25,1.05,D01
BE,16H,27.6775,-7.5,27.6775,-7.5,0.25,1.05,D01
BE,19H,26.9275,-7.5,26.9275,-7.5,0.25,1.05,D01
BE,20H,26.6775,-7.5,26.6775,-7.5,0.25,1.05,D01
BE,21H,26.4275,-7.5,26.4275,-7.5,0.25,1.05,D01
BE,22H,26.1775,-7.5,26.1775,-7.5,0.25,1.05,D01
BE,23H,25.9275,-7.5,25.9275,-7.5,0.25,1.05,D01
BE,24H,25.6775,-7.5,25.6775,-7.5,0.25,1.05,D01
BE,25H,25.4275,-7.5,25.4275,-7.5,0.25,1.05,D01
BE,26H,25.1775,-7.5,25.1775,-7.5,0.25,1.05,D01
BE,27H,24.9275,-7.5,24.9275,-7.5,0.25,1.05,D01
BE,28H,24.6775,-7.5,24.6775,-7.5,0.25,1.05,D01
BE,31H,23.9275,-7.5,23.9275,-7.5,0.25,1.05,D01
BE,32H,23.6775,-7.5,23.6775,-7.5,0.25,1.05,D01
BE,33H,23.4275,-7.5,23.4275,-7.5,0.25,1.05,D01
BE,34H,23.1775,-7.5,23.1775,-7.5,0.25,1.05,D01
BE,35H,22.9275,-7.5,22.9275,-7.5,0.25,1.05,D01
BE,36H,22.6775,-7.5,22.6775,-7.5,0.25,1.05,D01
BE,37H,22.4275,-7.5,22.4275,-7.5,0.25,1.05,D01
BE,38H,22.1775,-7.5,22.1775,-7.5,0.25,1.05,D01
BE,39H,21.9275,-7.5,21.9275,-7.5,0.25,1.05,D01
BE,40H,21.6775,-7.5,21.6775,-7.5,0.25,1.05,D01
CE,11H,18.4275,-7.5,18.4275,-7.5,0.25,1.05,D01
CE,12H,18.1775,-7.5,18.1775,-7.5,0.25,1.05,D01
CE,13H,17.9275,-7.5,17.9275,-7.5,0.25,1.05,D01
CE,14H,17.6775,-7.5,17.6775,-7.5,0.25,1.05,D01
CE,15H,17.4275,-7.5,17.4275,-7.5,0.25,1.05,D01
CE,16H,17.1775,-7.5,17.1775,-7.5,0.25,1.05,D01
CE,19H,16.4275,-7.5,16.4275,-7.5,0.25,1.05,D01
CE,20H,16.1775,-7.5,16.1775,-7.5,0.25,1.05,D01
CE,21H,15.9275,-7.5,15.9275,-7.5,0.25,1.05,D01
CE,22H,15.6775,-7.5,15.6775,-7.5,0.25,1.05,D01
CE,23H,15.4275,-7.5,15.4275,-7.5,0.25,1.05,D01
CE,24H,15.1775,-7.5,15.1775,-7.5,0.25,1.05,D01
CE,25H,14.9275,-7.5,14.9275,-7.5,0.25,1.05,D01
CE,26H,14.6775,-7.5,14.6775,-7.5,0.25,1.05,D01
CE,27H,14.4275,-7.5,14.4275,-7.5,0.25,1.05,D01
CE,28H,14.1775,-7.5,14.1775,-7.5,0.25,1.05,D01
CE,31H,13.4275,-7.5,13.4275,-7.5,0.25,1.05,D01
CE,32H,13.1775,-7.5,13.1775,-7.5,0.25,1.05,D01
CE,33H,12.9275,-7.5,12.9275,-7.5,0.25,1.05,D01
CE,34H,12.6775,-7.5,12.6775,-7.5,0.25,1.05,D01
CE,35H,12.4275,-7.5,12.4275,-7.5,0.25,1.05,D01
CE,36H,12.1775,-7.5,12.1775,-7.5,0.25,1.05,D01
CE,37H,11.9275,-7.5,11.9275,-7.5,0.25,1.05,D01
CE,38H,11.6775,-7.5,11.6775,-7.5,0.25,1.05,D01
CE,39H,11.4275,-7.5,11.4275,-7.5,0.25,1.05,D01
CE,40H,11.1775,-7.5,11.1775,-7.5,0.25,1.05,D01
CE,40I,11.1775,-8.55,11.1775,-8.55,0.25,1.05,D01
CE,39I,11.4275,-8.55,11.4275,-8.55,0.25,1.05,D01
CE,38I,11.6775,-8.55,11.6775,-8.55,0.25,1.05,D01
CE,37I,11.9275,-8.55,11.9275,-8.55,0.25,1.05,D01
CE,36I,12.1775,-8.55,12.1775,-8.55,0.25,1.05,D01
CE,35I,12.4275,-8.55,12.4275,-8.55,0.25,1.05,D01
CE,34I,12.6775,-8.55,12.6775,-8.55,0.25,1.05,D01
CE,33I,12.9275,-8.55,12.9275,-8.55,0.25,1.05,D01
CE,32I,13.1775,-8.55,13.1775,-8.55,0.25,1.05,D01
CE,31I,13.4275,-8.55,13.4275,-8.55,0.25,1.05,D01
CE,28I,14.1775,-8.55,14.1775,-8.55,0.25,1.05,D01
CE,27I,14.4275,-8.55,14.4275,-8.55,0.25,1.05,D01
CE,26I,14.6775,-8.55,14.6775,-8.55,0.25,1.05,D01
CE,25I,14.9275,-8.55,14.9275,-8.55,0.25,1.05,D01
CE,24I,15.1775,-8.55,15.1775,-8.55,0.25,1.05,D01
CE,23I,15.4275,-8.55,15.4275,-8.55,0.25,1.05,D01
CE,22I,15.6775,-8.55,15.6775,-8.55,0.25,1.05,D01
CE,21I,15.9275,-8.55,15.9275,-8.55,0.25,1.05,D01
CE,20I,16.1775,-8.55,16.1775,-8.55,0.25,1.05,D01
CE,19I,16.4275,-8.55,16.4275,-8.55,0.25,1.05,D01
CE,16I,17.1775,-8.55,17.1775,-8.55,0.25,1.05,D01
CE,15I,17.4275,-8.55,17.4275,-8.55,0.25,1.05,D01
CE,14I,17.6775,-8.55,17.6775,-8.55,0.25,1.05,D01
CE,13I,17.9275,-8.55,17.9275,-8.55,0.25,1.05,D01
CE,12I,18.1775,-8.55,18.1775,-8.55,0.25,1.05,D01
CE,11I,18.4275,-8.55,18.4275,-8.55,0.25,1.05,D01
BE,40I,21.6775,-8.55,21.6775,-8.55,0.25,1.05,D01
BE,39I,21.9275,-8.55,21.9275,-8.55,0.25,1.05,D01
BE,38I,22.1775,-8.55,22.1775,-8.55,0.25,1.05,D01
BE,37I,22.4275,-8.55,22.4275,-8.55,0.25,1.05,D01
BE,36I,22.6775,-8.55,22.6775,-8.55,0.25,1.05,D01
BE,35I,22.9275,-8.55,22.9275,-8.55,0.25,1.05,D01
BE,34I,23.1775,-8.55,23.1775,-8.55,0.25,1.05,D01
BE,33I,23.4275,-8.55,23.4275,-8.55,0.25,1.05,D01
BE,32I,23.6775,-8.55,23.6775,-8.55,0.25,1.05,D01
BE,31I,23.9275,-8.55,23.9275,-8.55,0.25,1.05,D01
BE,28I,24.6775,-8.55,24.6775,-8.55,0.25,1.05,D01
BE,27I,24.9275,-8.55,24.9275,-8.55,0.25,1.05,D01
BE,26I,25.1775,-8.55,25.1775,-8.55,0.25,1.05,D01
BE,25I,25.4275,-8.55,25.4275,-8.55,0.25,1.05,D01
BE,24I,25.6775,-8.55,25.6775,-8.55,0.25,1.05,D01
BE,23I,25.9275,-8.55,25.9275,-8.55,0.25,1.05,D01
BE,22I,26.1775,-8.55,26.1775,-8.55,0.25,1.05,D01
BE,21I,26.4275,-8.55,26.4275,-8.55,0.25,1.05,D01
BE,20I,26.6775,-8.55,26.6775,-8.55,0.25,1.05,D01
BE,19I,26.9275,-8.55,26.9275,-8.55,0.25,1.05,D01
BE,16I,27.6775,-8.55,27.6775,-8.55,0.25,1.05,D01
BE,15I,27.9275,-8.55,27.9275,-8.55,0.25,1.05,D01
BE,14I,28.1775,-8.55,28.1775,-8.55,0.25,1.05,D01
BE,13I,28.4275,-8.55,28.4275,-8.55,0.25,1.05,D01
BE,12I,28.6775,-8.55,28.6775,-8.55,0.25,1.05,D01
BE,11I,28.9275,-8.55,28.9275,-8.55,0.25,1.05,D01
BE,11J,28.9275,-9.6,28.9275,-9.6,0.25,1.05,D01
BE,12J,28.6775,-9.6,28.6775,-9.6,0.25,1.05,D01
BE,13J,28.4275,-9.6,28.4275,-9.6,0.25,1.05,D01
BE,14J,28.1775,-9.6,28.1775,-9.6,0.25,1.05,D01
BE,15J,27.9275,-9.6,27.9275,-9.6,0.25,1.05,D01
BE,16J,27.6775,-9.6,27.6775,-9.6,0.25,1.05,D01
BE,19J,26.9275,-9.6,26.9275,-9.6,0.25,1.05,D01
BE,20J,26.6775,-9.6,26.6775,-9.6,0.25,1.05,D01
BE,21J,26.4275,-9.6,26.4275,-9.6,0.25,1.05,D01
BE,22J,26.1775,-9.6,26.1775,-9.6,0.25,1.05,D01
BE,23J,25.9275,-9.6,25.9275,-9.6,0.25,1.05,D01
BE,24J,25.6775,-9.6,25.6775,-9.6,0.25,1.05,D01
BE,25J,25.4275,-9.6,25.4275,-9.6,0.25,1.05,D01
BE,26J,25.1775,-9.6,25.1775,-9.6,0.25,1.05,D01
BE,27J,24.9275,-9.6,24.9275,-9.6,0.25,1.05,D01
BE,28J,24.6775,-9.6,24.6775,-9.6,0.25,1.05,D01
BE,31J,23.9275,-9.6,23.9275,-9.6,0.25,1.05,D01
BE,32J,23.6775,-9.6,23.6775,-9.6,0.25,1.05,D01
BE,33J,23.4275,-9.6,23.4275,-9.6,0.25,1.05,D01
BE,34J,23.1775,-9.6,23.1775,-9.6,0.25,1.05,D01
BE,35J,22.9275,-9.6,22.9275,-9.6,0.25,1.05,D01
BE,36J,22.6775,-9.6,22.6775,-9.6,0.25,1.05,D01
BE,37J,22.4275,-9.6,22.4275,-9.6,0.25,1.05,D01
BE,38J,22.1775,-9.6,22.1775,-9.6,0.25,1.05,D01
BE,39J,21.9275,-9.6,21.9275,-9.6,0.25,1.05,D01
BE,40J,21.6775,-9.6,21.6775,-9.6,0.25,1.05,D01
CE,11J,18.4275,-9.6,18.4275,-9.6,0.25,1.05,D01
CE,12J,18.1775,-9.6,18.1775,-9.6,0.25,1.05,D01
CE,13J,17.9275,-9.6,17.9275,-9.6,0.25,1.05,D01
CE,14J,17.6775,-9.6,17.6775,-9.6,0.25,1.05,D01
CE,15J,17.4275,-9.6,17.4275,-9.6,0.25,1.05,D01
CE,16J,17.1775,-9.6,17.1775,-9.6,0.25,1.05,D01
CE,19J,16.4275,-9.6,16.4275,-9.6,0.25,1.05,D01
CE,20J,16.1775,-9.6,16.1775,-9.6,0.25,1.05,D01
CE,21J,15.9275,-9.6,15.9275,-9.6,0.25,1.05,D01
CE,22J,15.6775,-9.6,15.6775,-9.6,0.25,1.05,D01
CE,23J,15.4275,-9.6,15.4275,-9.6,0.25,1.05,D01
CE,24J,15.1775,-9.6,15.1775,-9.6,0.25,1.05,D01
CE,25J,14.9275,-9.6,14.9275,-9.6,0.25,1.05,D01
CE,26J,14.6775,-9.6,14.6775,-9.6,0.25,1.05,D01
CE,27J,14.4275,-9.6,14.4275,-9.6,0.25,1.05,D01
CE,28J,14.1775,-9.6,14.1775,-9.6,0.25,1.05,D01
CE,31J,13.4275,-9.6,13.4275,-9.6,0.25,1.05,D01
CE,32J,13.1775,-9.6,13.1775,-9.6,0.25,1.05,D01
CE,33J,12.9275,-9.6,12.9275,-9.6,0.25,1.05,D01
CE,34J,12.6775,-9.6,12.6775,-9.6,0.25,1.05,D01
CE,35J,12.4275,-9.6,12.4275,-9.6,0.25,1.05,D01
CE,36J,12.1775,-9.6,12.1775,-9.6,0.25,1.05,D01
CE,37J,11.9275,-9.6,11.9275,-9.6,0.25,1.05,D01
CE,38J,11.6775,-9.6,11.6775,-9.6,0.25,1.05,D01
CE,39J,11.4275,-9.6,11.4275,-9.6,0.25,1.05,D01
CE,40J,11.1775,-9.6,11.1775,-9.6,0.25,1.05,D01
